INSERT OR REPLACE INTO users (id, username, avatar, accessToken, refreshToken, guilds, subscriptionStatus, expiresAt) VALUES ('1064548695326076988', '9mocchiri9', '6d5b0ffabf5710514a7a0350bcf7d6c8', 'MTQyNDg1NDY3OTMyNTc3Mzg0NA.HLtqTJ1VKIjetVANyahuYLpKY3NpZC', 'J8jBHdPVNbLd7Ke2ftyJF6nX4feXTV', '[{"id":"893364030763331614","name":"抜けない暇人 (18禁サバ)","icon":"62bc725ab39d36ccd817e4aac124540a","banner":null,"owner":false,"permissions":104138305,"permissions_new":"2221151031199297","features":["NEWS","AGE_VERIFICATION_LARGE_GUILD","TIERLESS_BOOSTING_SYSTEM_MESSAGE","WELCOME_SCREEN_ENABLED","COMMUNITY","MEMBER_VERIFICATION_GATE_ENABLED","PREVIEW_ENABLED","AUTO_MODERATION","CHANNEL_ICON_EMOJIS_GENERATED"]},{"id":"920596119023669269","name":"𝐂,𝐒,𝐒,𝐏𝐫𝐨𝐣𝐞𝐜𝐭 𝐒𝐞𝐫𝐯𝐞𝐫","icon":"864a08dc5affe336406ae1c7ccbd88ac","banner":null,"owner":false,"permissions":103910912,"permissions_new":"497292892278272","features":["ENABLED_DISCOVERABLE_BEFORE","BYPASS_SLOWMODE_PERMISSION_MIGRATION_COMPLETE","NEWS","GUILD_ONBOARDING_HAS_PROMPTS","AGE_VERIFICATION_LARGE_GUILD","COMMUNITY","TIERLESS_BOOSTING_SYSTEM_MESSAGE","PIN_PERMISSION_MIGRATION_COMPLETE","SOUNDBOARD","GUILD_ONBOARDING_EVER_ENABLED","MEMBER_VERIFICATION_GATE_ENABLED","PREVIEW_ENABLED","TIERLESS_BOOSTING","AUTO_MODERATION","GUILD_ONBOARDING","GUILD_SERVER_GUIDE","DISCOVERABLE"]},{"id":"1030190099901714453","name":"紅狐のおかず","icon":"9d9fdd334502f23a8b1e7d083403e9f4","banner":null,"owner":false,"permissions":104189505,"permissions_new":"111022861307457","features":["BYPASS_SLOWMODE_PERMISSION_MIGRATION_COMPLETE","VIDEO_QUALITY_720_60FPS","VIDEO_BITRATE_ENHANCED","STAGE_CHANNEL_VIEWERS_50","AGE_VERIFICATION_LARGE_GUILD","TIERLESS_BOOSTING_SYSTEM_MESSAGE","PIN_PERMISSION_MIGRATION_COMPLETE","SOUNDBOARD","CONSIDERED_EXTERNALLY_DISCOVERABLE","TIERLESS_BOOSTING","AUDIO_BITRATE_128_KBPS","AUTO_MODERATION","INVITE_SPLASH","ANIMATED_ICON","CHANNEL_ICON_EMOJIS_GENERATED"]},{"id":"1034833203128700968","name":"ますたべ🔞","icon":"beb802374cab52874f9c9c9de6be2428","banner":"74f10fe3b86014fa60041fdc1b3b80da","owner":false,"permissions":104189505,"permissions_new":"2221982107422273","features":["ENABLED_DISCOVERABLE_BEFORE","NEWS","AGE_VERIFICATION_LARGE_GUILD","TIERLESS_BOOSTING_SYSTEM_MESSAGE","COMMUNITY","WELCOME_SCREEN_ENABLED","SOUNDBOARD","CONSIDERED_EXTERNALLY_DISCOVERABLE","MEMBER_VERIFICATION_GATE_ENABLED","AUTO_MODERATION","DISCOVERABLE_DISABLED","CHANNEL_ICON_EMOJIS_GENERATED"]},{"id":"1039082364866940948","name":"~𝓑𝓵𝓪𝓬𝓴 𝓡𝓸𝓸𝓶~","icon":"a_f2beda2e09dc6753de590e0fe92403b2","banner":null,"owner":false,"permissions":104189505,"permissions_new":"2230881279659585","features":["NEWS","AGE_VERIFICATION_LARGE_GUILD","TIERLESS_BOOSTING_SYSTEM_MESSAGE","WELCOME_SCREEN_ENABLED","COMMUNITY","CONSIDERED_EXTERNALLY_DISCOVERABLE","MEMBER_VERIFICATION_GATE_ENABLED","PREVIEW_ENABLED","AUTO_MODERATION","CHANNEL_ICON_EMOJIS_GENERATED"]},{"id":"1058303604659859586","name":"おかずを求めて","icon":"9e1d48b7c979c2dd864acbf9a7f96c2e","banner":null,"owner":false,"permissions":104189505,"permissions_new":"2222085186637377","features":["NEWS","AGE_VERIFICATION_LARGE_GUILD","TIERLESS_BOOSTING_SYSTEM_MESSAGE","COMMUNITY","CONSIDERED_EXTERNALLY_DISCOVERABLE","GUILD_ONBOARDING_EVER_ENABLED","AUTO_MODERATION","GUILD_ONBOARDING","GUILD_SERVER_GUIDE","CHANNEL_ICON_EMOJIS_GENERATED"]},{"id":"1120695797336518868","name":"GattoNero","icon":"b6617c97d6d6eeec128df058ba412024","banner":null,"owner":false,"permissions":104189505,"permissions_new":"111022861307457","features":["ENABLED_DISCOVERABLE_BEFORE","NEWS","AGE_VERIFICATION_LARGE_GUILD","TIERLESS_BOOSTING_SYSTEM_MESSAGE","WELCOME_SCREEN_ENABLED","COMMUNITY","SOUNDBOARD","CONSIDERED_EXTERNALLY_DISCOVERABLE","GUILD_ONBOARDING_EVER_ENABLED","GUILD_WEB_PAGE_VANITY_URL","MEMBER_VERIFICATION_GATE_ENABLED","PREVIEW_ENABLED","AUTO_MODERATION","GUILD_ONBOARDING","DISCOVERABLE","CHANNEL_ICON_EMOJIS_GENERATED"]},{"id":"1138359589612568626","name":"Heaven🔞","icon":"eb22a8fe1670b45f38a1f9f5d77b243b","banner":null,"owner":false,"permissions":104189505,"permissions_new":"2222085186637377","features":["NEWS","AGE_VERIFICATION_LARGE_GUILD","TIERLESS_BOOSTING_SYSTEM_MESSAGE","COMMUNITY","CONSIDERED_EXTERNALLY_DISCOVERABLE","AUTO_MODERATION","CHANNEL_ICON_EMOJIS_GENERATED"]},{"id":"1209779552629563402","name":"💞 エロにゃん鯖 ！˚🧊 ᐟ.˚🎄/  𝑃𝑢𝑟𝑟-𝑓𝑒𝑐𝑡𝑙𝑦 𝑁𝑎𝑢𝑔ℎ𝑡𝑦/ 欲猫乐园【JP🇯🇵】","icon":"4baec4b1bd5a1c67599f0da4ad08dbcc","banner":"4eb7cf2b3188efa1732ae4b2f86bf3d7","owner":false,"permissions":67488833,"permissions_new":"140874994797633","features":["MAX_FILE_SIZE_100_MB","GUILD_TAGS","ENABLED_MODERATION_EXPERIENCE_FOR_NON_COMMUNITY","GUILD_ONBOARDING_HAS_PROMPTS","VIDEO_QUALITY_1080_60FPS","TIERLESS_BOOSTING","MAX_FILE_SIZE_50_MB","GUILD_TAGS_BADGE_PACK_FLEX","VANITY_URL","STAGE_CHANNEL_VIEWERS_300","AUDIO_BITRATE_256_KBPS","AUDIO_BITRATE_384_KBPS","STAGE_CHANNEL_VIEWERS_150","VIDEO_QUALITY_720_60FPS","VIDEO_BITRATE_ENHANCED","AGE_VERIFICATION_LARGE_GUILD","TIERLESS_BOOSTING_SYSTEM_MESSAGE","STAGE_CHANNEL_VIEWERS_50","ENHANCED_ROLE_COLORS","ROLE_ICONS","GUILD_TAGS_BADGE_PACK_PETS","CONSIDERED_EXTERNALLY_DISCOVERABLE","GUILD_ONBOARDING_EVER_ENABLED","ANIMATED_BANNER","BANNER","AUDIO_BITRATE_128_KBPS","AUTO_MODERATION","ACTIVITY_FEED_ENABLED_BY_USER","INVITE_SPLASH","ANIMATED_ICON","DISCOVERABLE_DISABLED"]},{"id":"1225391007592353792","name":"エチ喫茶店","icon":"403ab2467182c083d8f63b1d01611208","banner":null,"owner":false,"permissions":104189505,"permissions_new":"391842855505473","features":["NEWS","GUILD_ONBOARDING_HAS_PROMPTS","AGE_VERIFICATION_LARGE_GUILD","TIERLESS_BOOSTING_SYSTEM_MESSAGE","COMMUNITY","PIN_PERMISSION_MIGRATION_COMPLETE","SOUNDBOARD","CONSIDERED_EXTERNALLY_DISCOVERABLE","GUILD_ONBOARDING_EVER_ENABLED","MEMBER_VERIFICATION_GATE_ENABLED","AUTO_MODERATION","GUILD_ONBOARDING","GUILD_SERVER_GUIDE"]},{"id":"1231482800213983272","name":"🔞のんびり行こう🔞","icon":"ccf38ea1b407c58f7fa4f8ce832813b5","banner":"a_56dd961bdd601b2eba3f8e13c9656159","owner":false,"permissions":104177217,"permissions_new":"140879326453313","features":["NEWS","ENABLED_MODERATION_EXPERIENCE_FOR_NON_COMMUNITY","AGE_VERIFICATION_LARGE_GUILD","TIERLESS_BOOSTING_SYSTEM_MESSAGE","COMMUNITY","CONSIDERED_EXTERNALLY_DISCOVERABLE","AUTO_MODERATION","ACTIVITY_FEED_ENABLED_BY_USER"]},{"id":"1261076862180917299","name":"🔞のんびり2行こう🔞","icon":"418fdd7b5b234b407b992edd48cd6a1b","banner":null,"owner":false,"permissions":104193600,"permissions_new":"146207233400384","features":["NEWS","AGE_VERIFICATION_LARGE_GUILD","TIERLESS_BOOSTING_SYSTEM_MESSAGE","COMMUNITY","CONSIDERED_EXTERNALLY_DISCOVERABLE","AUTO_MODERATION"]},{"id":"1269275585902022713","name":"鯖完全封鎖","icon":"dcd32414cea9561c9e7bcb2545e222cf","banner":null,"owner":false,"permissions":104189505,"permissions_new":"2239677372681793","features":["NEWS","AGE_VERIFICATION_LARGE_GUILD","TIERLESS_BOOSTING_SYSTEM_MESSAGE","COMMUNITY","CONSIDERED_EXTERNALLY_DISCOVERABLE","MEMBER_VERIFICATION_GATE_ENABLED","PREVIEW_ENABLED","AUTO_MODERATION"]}]', NULL, NULL);
INSERT OR REPLACE INTO users (id, username, avatar, accessToken, refreshToken, guilds, subscriptionStatus, expiresAt) VALUES ('1137332176279588914', 'mirumiru2023', 'add0c145656e2059d5dda7a8639f070b', 'MTQyNDg1NDY3OTMyNTc3Mzg0NA.PYknrNIyR5zIBd3HgqxSq6ccb2OYfR', 'KXYzPjX2REuaqRonZa8qX1eOfHlOT6', '[{"id":"1374442895204945940","name":"とりまお暇","icon":"e9bd51a1a337bb7bf6e5d08ea1f87ee2","banner":null,"owner":false,"permissions":1178074945,"permissions_new":"2222103440392001","features":["SOUNDBOARD","NEWS","TIERLESS_BOOSTING_SYSTEM_MESSAGE","COMMUNITY"]},{"id":"1379727445162201131","name":"ミーティス","icon":"c44560121500ed53c70998f97b40c3f7","banner":null,"owner":false,"permissions":104320577,"permissions_new":"2248473465835073","features":["SOUNDBOARD","TIERLESS_BOOSTING"]},{"id":"1383977063953862847","name":"ガ連(仮)","icon":"e97c302390bddc9ee166d5f2f50fa2a9","banner":null,"owner":false,"permissions":104320577,"permissions_new":"2248473465835073","features":["SOUNDBOARD","TIERLESS_BOOSTING_SYSTEM_MESSAGE"]}]', NULL, NULL);
INSERT OR REPLACE INTO users (id, username, avatar, accessToken, refreshToken, guilds, subscriptionStatus, expiresAt) VALUES ('1166610957280219139', 'imo289', '68f2d4fbcb1273a32cccf4065ebc3165', 'MTQyNDg1NDY3OTMyNTc3Mzg0NA.cbA32TRfFcp4l52Og9tHZeGmkXSjnA', 'GCvUlHwoApuBFHrVbhGQ0Hs0ky5ORz', '[{"id":"1230491688271609856","name":"うみねこ　HIT The World","icon":"a70c1211e1126dde73647c0c5457727e","banner":null,"owner":false,"permissions":104320577,"permissions_new":"2248473465835073","features":["TIERLESS_BOOSTING_SYSTEM_MESSAGE"]},{"id":"1272886835336577046","name":"らいおん伝説","icon":"dd34c13115a933bef7171bf7a47d8f36","banner":null,"owner":false,"permissions":104320577,"permissions_new":"2248473465835073","features":["TIERLESS_BOOSTING_SYSTEM_MESSAGE"]},{"id":"1379727445162201131","name":"ミーティス","icon":"c44560121500ed53c70998f97b40c3f7","banner":null,"owner":false,"permissions":104320577,"permissions_new":"2248473465835073","features":["SOUNDBOARD","TIERLESS_BOOSTING"]},{"id":"1383977063953862847","name":"ガ連(仮)","icon":"e97c302390bddc9ee166d5f2f50fa2a9","banner":null,"owner":false,"permissions":104320577,"permissions_new":"2248473465835073","features":["TIERLESS_BOOSTING_SYSTEM_MESSAGE","SOUNDBOARD"]},{"id":"1449996722695704589","name":"hu3聖殿","icon":null,"banner":null,"owner":false,"permissions":104320577,"permissions_new":"2248473465835073","features":[]}]', NULL, NULL);
INSERT OR REPLACE INTO users (id, username, avatar, accessToken, refreshToken, guilds, subscriptionStatus, expiresAt) VALUES ('1173027414029377619', 'waka417', '7cc936e5400c2a7d9e2513b2bafcf925', 'MTQyNDg1NDY3OTMyNTc3Mzg0NA.4JHoKw0OuB7CfqeJYN9VTLs47SkH97', 'hfJ2hlYcIAywUoHMPdsY4ErUZyA6PE', '[{"id":"1205729572788641792","name":"alphonce2jpのサーバー","icon":null,"banner":null,"owner":false,"permissions":104320577,"permissions_new":"2248473465835073","features":[]},{"id":"1415291026113036399","name":"わかみんのサーバー","icon":null,"banner":null,"owner":true,"permissions":2147483647,"permissions_new":"9007199254740991","features":[]}]', NULL, NULL);
INSERT OR REPLACE INTO users (id, username, avatar, accessToken, refreshToken, guilds, subscriptionStatus, expiresAt) VALUES ('1308700414601986118', 'cyoko_cyoko_11167', '5e1152a8017df6c94d0adc899c8b0a8e', 'MTQyNDg1NDY3OTMyNTc3Mzg0NA.6f7z9ki0ZAksrc9TvNM6FrZORPrDXM', '58uW0N7RRexPCcCqepeIrTvwtvMLoc', '[{"id":"962997294414843924","name":"ぽてとげーむさろん","icon":"1ce016f11997b51c34382cfd8cf6627d","banner":null,"owner":false,"permissions":1580723793,"permissions_new":"2248492122107473","features":["SOUNDBOARD","CHANNEL_ICON_EMOJIS_GENERATED","TIERLESS_BOOSTING_SYSTEM_MESSAGE"]},{"id":"1118512595146641482","name":"ちゃりプロ","icon":"f1daa400ad916e645c11cf4fcedd4b26","banner":null,"owner":false,"permissions":536342487,"permissions_new":"2144037473087447","features":["TIERLESS_BOOSTING_SYSTEM_MESSAGE","CHANNEL_ICON_EMOJIS_GENERATED"]},{"id":"1247710346404433920","name":"HITのメモ帳","icon":"d1b447c1ad4e621fb28d096220db3011","banner":null,"owner":false,"permissions":104320577,"permissions_new":"2248473465835073","features":["TIERLESS_BOOSTING_SYSTEM_MESSAGE"]},{"id":"1311511068463464510","name":"🫸HITTheWorldMania🫷","icon":"660d2818202b4bd2f9dc10d656123ab3","banner":null,"owner":false,"permissions":104320576,"permissions_new":"2248473465835072","features":["TIERLESS_BOOSTING_SYSTEM_MESSAGE"]},{"id":"1344240457030565939","name":"HIT : The World Guild ChampionShip Season1","icon":"8c1e62c94eb9db6a80376af4a937b9de","banner":null,"owner":false,"permissions":104320576,"permissions_new":"2248473465835072","features":["TIERLESS_BOOSTING_SYSTEM_MESSAGE"]},{"id":"1348358483338068100","name":"OaO製作委員会","icon":null,"banner":null,"owner":true,"permissions":2147483647,"permissions_new":"18014398509481983","features":[]},{"id":"1374442895204945940","name":"とりまお暇","icon":"e9bd51a1a337bb7bf6e5d08ea1f87ee2","banner":null,"owner":true,"permissions":2147483647,"permissions_new":"18014398509481983","features":["SOUNDBOARD","TIERLESS_BOOSTING_SYSTEM_MESSAGE","NEWS","COMMUNITY"]},{"id":"1379727445162201131","name":"ミーティス","icon":"c44560121500ed53c70998f97b40c3f7","banner":null,"owner":true,"permissions":2147483647,"permissions_new":"18014398509481983","features":["SOUNDBOARD","TIERLESS_BOOSTING"]},{"id":"1383977063953862847","name":"ガ連(仮)","icon":"e97c302390bddc9ee166d5f2f50fa2a9","banner":null,"owner":true,"permissions":2147483647,"permissions_new":"18014398509481983","features":["SOUNDBOARD","TIERLESS_BOOSTING_SYSTEM_MESSAGE"]},{"id":"1406984921561563146","name":"Hugo 2025/08/18〜シーズン","icon":null,"banner":null,"owner":false,"permissions":104320577,"permissions_new":"2248473465835073","features":[]},{"id":"1425850366876057735","name":"日本夜食の会ー古代ー","icon":"08ac5f12a3b361aac68013e7c191c575","banner":null,"owner":true,"permissions":2147483647,"permissions_new":"18014398509481983","features":[]},{"id":"1428387359648514123","name":"色んなリマインダー","icon":"d36a42de83efb0285785b6742e71d48e","banner":null,"owner":false,"permissions":104320577,"permissions_new":"2248473465835073","features":[]},{"id":"1449996722695704589","name":"hu3聖殿","icon":null,"banner":null,"owner":true,"permissions":2147483647,"permissions_new":"18014398509481983","features":[]},{"id":"1453020782199312404","name":"聖殿相互キル用Hu3-Lu3","icon":null,"banner":null,"owner":false,"permissions":104320577,"permissions_new":"2248473465835073","features":[]}]', 'inactive', '2026-10-09T23:52:40.867Z');
INSERT OR REPLACE INTO users (id, username, avatar, accessToken, refreshToken, guilds, subscriptionStatus, expiresAt) VALUES ('1312413381327589417', 'sarymoon0556', '1ccba2e9c72652aa068224f21b62ba0b', 'MTQyNDg1NDY3OTMyNTc3Mzg0NA.gwAdvLt5Hm3Qnvsm0XNXp2txGKxZG5', 'G3CLv2ELGxYEbT2mKmi2CvrPpnrTbE', '[{"id":"1064527008517853194","name":"かぞくよう","icon":"face6fd959dd4e8f0088a3b9737ea57f","banner":null,"owner":false,"permissions":2147483647,"permissions_new":"9007199254740991","features":[]},{"id":"1330815409011560559","name":"HIT リマインダー【非公式】","icon":"5918dead129e2f6fb8ffbe7ca0a778d8","banner":null,"owner":false,"permissions":104320577,"permissions_new":"2248473465835073","features":["ACTIVITY_FEED_DISABLED_BY_USER","AUDIO_BITRATE_128_KBPS","STAGE_CHANNEL_VIEWERS_50","VIDEO_BITRATE_ENHANCED","INVITE_SPLASH","ANIMATED_ICON","VIDEO_QUALITY_720_60FPS","TIERLESS_BOOSTING","TIERLESS_BOOSTING_SYSTEM_MESSAGE"]},{"id":"1374442895204945940","name":"とりまお暇","icon":"e9bd51a1a337bb7bf6e5d08ea1f87ee2","banner":null,"owner":false,"permissions":1178074945,"permissions_new":"2222103440392001","features":["TIERLESS_BOOSTING_SYSTEM_MESSAGE","SOUNDBOARD","NEWS","COMMUNITY"]},{"id":"1379727445162201131","name":"ミーティス","icon":"c44560121500ed53c70998f97b40c3f7","banner":null,"owner":false,"permissions":104320577,"permissions_new":"2248473465835073","features":["SOUNDBOARD","TIERLESS_BOOSTING"]},{"id":"1383977063953862847","name":"ガ連(仮)","icon":"e97c302390bddc9ee166d5f2f50fa2a9","banner":null,"owner":false,"permissions":104320577,"permissions_new":"2248473465835073","features":["TIERLESS_BOOSTING_SYSTEM_MESSAGE","SOUNDBOARD"]},{"id":"1417546310440976619","name":"缶ビール","icon":"eea00bcc625953ebfb94962fa47c06ef","banner":null,"owner":false,"permissions":2147483647,"permissions_new":"9007199254740991","features":[]},{"id":"1425850366876057735","name":"日本夜食の会ー古代ー","icon":"08ac5f12a3b361aac68013e7c191c575","banner":null,"owner":false,"permissions":104320577,"permissions_new":"2248473465835073","features":[]}]', NULL, NULL);
INSERT OR REPLACE INTO users (id, username, avatar, accessToken, refreshToken, guilds, subscriptionStatus, expiresAt) VALUES ('602508821457534978', '7293_aucuba', '2b8c50d64a130839855a02f6a19df05e', 'MTQyNDg1NDY3OTMyNTc3Mzg0NA.DRIEinxullM3yP4xLp59wpi7wXbP4h', 'myYHUeTq3DGQpglovY36M8M2fmvf0O', '[{"id":"602508124984836116","name":"Aucuba","icon":"be2d3ba65cd72a0aa3f9faa6e86bb553","banner":null,"owner":false,"permissions":104324673,"permissions_new":"2248473465839169","features":[]},{"id":"667356163989569548","name":"騎空団Aucuba","icon":"a80b5fbcb48211aec17f1e914874de6a","banner":null,"owner":false,"permissions":104324673,"permissions_new":"2248473465839169","features":["TIERLESS_BOOSTING_SYSTEM_MESSAGE","CHANNEL_ICON_EMOJIS_GENERATED"]},{"id":"848949323931844649","name":"#天クラ晩酌オフ","icon":"b70f116dc7568d17a4abd265e59932b6","banner":null,"owner":false,"permissions":133685184,"permissions_new":"2248473495199680","features":["EXPOSED_TO_ACTIVITIES_WTP_EXPERIMENT","CHANNEL_ICON_EMOJIS_GENERATED"]},{"id":"909412456428896267","name":"四国周回編成","icon":null,"banner":null,"owner":false,"permissions":104320577,"permissions_new":"2248473465835073","features":[]},{"id":"986495280516063242","name":"グラブルフェス用","icon":"7b98fff936d6e6fac4720d6107698a4d","banner":null,"owner":false,"permissions":104320577,"permissions_new":"2248473465835073","features":[]},{"id":"991309142503477268","name":"AA　海","icon":null,"banner":null,"owner":false,"permissions":104320577,"permissions_new":"2248473465835073","features":[]},{"id":"1089509739827838979","name":"3/31.4/1 せんだーい","icon":"e8681eeb9e5f585b1f98c52f7ba9cb16","banner":null,"owner":false,"permissions":104320577,"permissions_new":"2248473465835073","features":[]},{"id":"1242492970670755941","name":"あいらぶゆー","icon":"af29c00fc043bacc29ac6d4fcc1a3d78","banner":null,"owner":false,"permissions":104320576,"permissions_new":"2248473465835072","features":["SOUNDBOARD"]},{"id":"1247710346404433920","name":"HITのメモ帳","icon":"d1b447c1ad4e621fb28d096220db3011","banner":null,"owner":false,"permissions":104320577,"permissions_new":"2248473465835073","features":["TIERLESS_BOOSTING_SYSTEM_MESSAGE"]},{"id":"1374442895204945940","name":"とりまお暇","icon":"e9bd51a1a337bb7bf6e5d08ea1f87ee2","banner":null,"owner":false,"permissions":1178074945,"permissions_new":"2222103440392001","features":["NEWS","TIERLESS_BOOSTING_SYSTEM_MESSAGE","COMMUNITY","SOUNDBOARD"]},{"id":"1379727445162201131","name":"ミーティス","icon":"c44560121500ed53c70998f97b40c3f7","banner":null,"owner":false,"permissions":2147483647,"permissions_new":"18014398509481983","features":["TIERLESS_BOOSTING","SOUNDBOARD"]},{"id":"1383977063953862847","name":"ガ連(仮)","icon":"e97c302390bddc9ee166d5f2f50fa2a9","banner":null,"owner":false,"permissions":2147483647,"permissions_new":"18014398509481983","features":["TIERLESS_BOOSTING_SYSTEM_MESSAGE","SOUNDBOARD"]},{"id":"1410927984939896882","name":"【公式】ブループロトコル：スターレゾナンス","icon":"590c8b729a4bd15bc0b1d78d193dd47a","banner":"ab8128a362b52fdcac369202bd93780b","owner":false,"permissions":104189505,"permissions_new":"532305465953857","features":["BANNER","ROLE_ICONS","SOUNDBOARD","GUILD_TAGS","ACTIVITY_FEED_ENABLED_BY_USER","GUILD_ONBOARDING","VIDEO_QUALITY_1080_60FPS","AUTO_MODERATION","INVITE_SPLASH","GUILD_ONBOARDING_EVER_ENABLED","MAX_FILE_SIZE_100_MB","ANIMATED_ICON","AUDIO_BITRATE_128_KBPS","AGE_VERIFICATION_LARGE_GUILD","VIDEO_QUALITY_720_60FPS","VANITY_URL","STAGE_CHANNEL_VIEWERS_150","AUDIO_BITRATE_256_KBPS","COMMUNITY","STAGE_CHANNEL_VIEWERS_50","VIDEO_BITRATE_ENHANCED","AUDIO_BITRATE_384_KBPS","MAX_FILE_SIZE_50_MB","ENHANCED_ROLE_COLORS","MEMBER_VERIFICATION_GATE_ENABLED","STAGE_CHANNEL_VIEWERS_300","ENABLED_MODERATION_EXPERIENCE_FOR_NON_COMMUNITY","TIERLESS_BOOSTING","NEWS","ANIMATED_BANNER"]},{"id":"1412029356460736524","name":"Integrity:BPSR","icon":"7610a97dd218b2ce20bddfe1c8a6a44f","banner":"02efcccc6e48ca4da084db9d2f8f88e0","owner":false,"permissions":104189505,"permissions_new":"2222085186637377","features":["BANNER","ROLE_ICONS","VIDEO_QUALITY_1080_60FPS","INVITE_SPLASH","ANIMATED_ICON","AUDIO_BITRATE_128_KBPS","VIDEO_QUALITY_720_60FPS","STAGE_CHANNEL_VIEWERS_150","AUDIO_BITRATE_256_KBPS","COMMUNITY","STAGE_CHANNEL_VIEWERS_50","VIDEO_BITRATE_ENHANCED","TIERLESS_BOOSTING","BYPASS_SLOWMODE_PERMISSION_MIGRATION_COMPLETE","MAX_FILE_SIZE_50_MB","ENHANCED_ROLE_COLORS","PIN_PERMISSION_MIGRATION_COMPLETE","NEWS"]},{"id":"1413671244460462245","name":"てすてーす","icon":"8af202e8707346cb4c8278df10355cec","banner":null,"owner":true,"permissions":2147483647,"permissions_new":"18014398509481983","features":["COMMUNITY","NEWS"]},{"id":"1449996722695704589","name":"hu3聖殿","icon":null,"banner":null,"owner":false,"permissions":104320577,"permissions_new":"2248473465835073","features":[]},{"id":"1453020782199312404","name":"聖殿相互キル用Hu3-Lu3","icon":null,"banner":null,"owner":false,"permissions":104320577,"permissions_new":"2248473465835073","features":[]}]', NULL, NULL);
INSERT OR REPLACE INTO users (id, username, avatar, accessToken, refreshToken, guilds, subscriptionStatus, expiresAt) VALUES ('690517478689865758', 'killercat6279', '6a8abd7dd236ec69c5e7443636fab907', 'MTQyNDg1NDY3OTMyNTc3Mzg0NA.ZiQ7Owh4GKct27RX4kpLFo7bHD4DCi', 'NXrCQXRLjVuEEaZENKfHVk0jCWJXg3', '[{"id":"739785758709252156","name":"killcatのサーバー","icon":"2f25d2e0fb676b8168a626655c0abdca","banner":null,"owner":true,"permissions":2147483647,"permissions_new":"9007199254740991","features":[]},{"id":"744082721927725106","name":"近衛","icon":"c1fa8d9e703f6cb086a48b011332b5eb","banner":null,"owner":true,"permissions":2147483647,"permissions_new":"9007199254740991","features":[]},{"id":"821038480036593705","name":"LibertyStone","icon":null,"banner":null,"owner":false,"permissions":104320577,"permissions_new":"2248473465835073","features":[]},{"id":"1129991876322279515","name":"おでん","icon":null,"banner":null,"owner":true,"permissions":2147483647,"permissions_new":"9007199254740991","features":[]},{"id":"1272886835336577046","name":"らいおん伝説","icon":"dd34c13115a933bef7171bf7a47d8f36","banner":null,"owner":false,"permissions":2147483647,"permissions_new":"9007199254740991","features":["TIERLESS_BOOSTING_SYSTEM_MESSAGE"]},{"id":"1282370672907128863","name":"https://discord.gg/b6dh","icon":null,"banner":null,"owner":true,"permissions":2147483647,"permissions_new":"9007199254740991","features":[]},{"id":"1383977063953862847","name":"ガ連(仮)","icon":"e97c302390bddc9ee166d5f2f50fa2a9","banner":null,"owner":false,"permissions":104320593,"permissions_new":"2248473465835089","features":["SOUNDBOARD","TIERLESS_BOOSTING_SYSTEM_MESSAGE"]},{"id":"1453020782199312404","name":"聖殿相互キル用Hu3-Lu3","icon":null,"banner":null,"owner":false,"permissions":104320577,"permissions_new":"2248473465835073","features":[]}]', NULL, NULL);
INSERT OR REPLACE INTO users (id, username, avatar, accessToken, refreshToken, guilds, subscriptionStatus, expiresAt) VALUES ('733469931974295693', '.kaipi', '35c1caf98e0d97e111dc2a873e3f7812', 'MTQyNDg1NDY3OTMyNTc3Mzg0NA.3LiYGngmBqP8HZdFqkHZ4iK2q9RNKC', '608lweuQCg10YH1L6gChTLQDH1mM75', '[{"id":"759773337013452901","name":"綺麗な海","icon":"889b128d2f12eaa57a5779bdef90af2a","banner":null,"owner":false,"permissions":104320577,"permissions_new":"2248473465835073","features":[]},{"id":"789010486371942400","name":"株式会社PK","icon":"4e8603dfdfdbf3e10d2174da6a3e851a","banner":null,"owner":false,"permissions":104320577,"permissions_new":"2248473465835073","features":[]},{"id":"832085565750640640","name":"連合用","icon":"f6c0d09e0c76b3193010b3be5b8d7650","banner":null,"owner":false,"permissions":104320577,"permissions_new":"2248473465835073","features":[]},{"id":"869589474785497159","name":"BRABAS","icon":"8983122146b3bcf6f9cd56e91613799b","banner":null,"owner":false,"permissions":104320577,"permissions_new":"2248473465835073","features":["CHANNEL_ICON_EMOJIS_GENERATED"]},{"id":"878673872805851156","name":"鯖鯖","icon":"4f8b1e51ea0abfb177247c4830897b06","banner":null,"owner":false,"permissions":104320577,"permissions_new":"2248473465835073","features":[]},{"id":"879000344628166706","name":"大人の事情(あまとぅー教)","icon":"8de37d8ebaed6d8f0cd30455771cef17","banner":null,"owner":false,"permissions":104320577,"permissions_new":"2248473465835073","features":[]},{"id":"893439128392314961","name":"言うとく、ここはタルシー3鯖","icon":"e5d6040d5476ad624b631d554bc3ef09","banner":null,"owner":false,"permissions":104320577,"permissions_new":"2222085186768449","features":["CHANNEL_ICON_EMOJIS_GENERATED"]},{"id":"1008481010465394758","name":"幻塔ギルド \"Schicksal\"","icon":"181bf6c02534fa3ddd1715efad7ac8ac","banner":null,"owner":false,"permissions":104320577,"permissions_new":"2248473465835073","features":[]},{"id":"1021373255229112320","name":"幻塔マルチ（仮）","icon":"1f9f3f3646e0d6aadb6122d6fda73ba7","banner":null,"owner":false,"permissions":104320577,"permissions_new":"2248473465835073","features":[]},{"id":"1082539412086329365","name":"鳥の巣","icon":"ac466e7d62c951ecc60b77530d36bc9b","banner":null,"owner":false,"permissions":104320577,"permissions_new":"2248473465835073","features":["GUESTS_ENABLED","CHANNEL_ICON_EMOJIS_GENERATED"]},{"id":"1083273837262671902","name":"ドベルン鯖戦争用","icon":"d9b770def2bf7be881b831a851eef91b","banner":null,"owner":false,"permissions":104320577,"permissions_new":"2222085186768449","features":["CHANNEL_ICON_EMOJIS_GENERATED"]},{"id":"1102244729514631230","name":"インフィニティ同盟の会","icon":"95ebcf3c4e4429b81c456665a497ada6","banner":null,"owner":false,"permissions":104320577,"permissions_new":"2222085186768449","features":["SOUNDBOARD"]},{"id":"1296671728289845258","name":"【公式】P5Xサーバー（p5xjp_official）","icon":"95c2c5b2db4715faed9a9d575907c56c","banner":"6484c74e3521083e07000adaba8717b8","owner":false,"permissions":67177472,"permissions_new":"140741850500096","features":["GUILD_TAGS_BADGE_PACK_FLEX","DISCOVERABLE","AGE_VERIFICATION_LARGE_GUILD","COMMUNITY","MAX_FILE_SIZE_100_MB","VIDEO_BITRATE_ENHANCED","ROLE_ICONS","ANIMATED_ICON","STAGE_CHANNEL_VIEWERS_50","AUDIO_BITRATE_256_KBPS","AUDIO_BITRATE_128_KBPS","PREVIEW_ENABLED","GUILD_TAGS","TIERLESS_BOOSTING","VIDEO_QUALITY_720_60FPS","INVITE_SPLASH","SOUNDBOARD","VANITY_URL","NEWS","BANNER","AUDIO_BITRATE_384_KBPS","ANIMATED_BANNER","CONSIDERED_EXTERNALLY_DISCOVERABLE","STAGE_CHANNEL_VIEWERS_150","MAX_FILE_SIZE_50_MB","STAGE_CHANNEL_VIEWERS_300","AUTO_MODERATION","ENABLED_DISCOVERABLE_BEFORE","VIDEO_QUALITY_1080_60FPS"]},{"id":"1308981261896777778","name":"WIND BREAKER 総合コミュニティ","icon":"32cccea2b47d57b070b64aec104c8d71","banner":null,"owner":false,"permissions":103927361,"permissions_new":"778458631360065","features":["GUILD_ONBOARDING","TIERLESS_BOOSTING","INVITE_SPLASH","SOUNDBOARD","GUILD_ONBOARDING_HAS_PROMPTS","AGE_VERIFICATION_LARGE_GUILD","COMMUNITY","NEWS","GUILD_SERVER_GUIDE","VIDEO_BITRATE_ENHANCED","MEMBER_VERIFICATION_GATE_ENABLED","AUDIO_BITRATE_128_KBPS","VIDEO_QUALITY_720_60FPS","STAGE_CHANNEL_VIEWERS_50","TIERLESS_BOOSTING_SYSTEM_MESSAGE","AUTO_MODERATION","ANIMATED_ICON","GUILD_ONBOARDING_EVER_ENABLED"]},{"id":"1379727445162201131","name":"ミーティス","icon":"c44560121500ed53c70998f97b40c3f7","banner":null,"owner":false,"permissions":104320577,"permissions_new":"2248473465835073","features":["SOUNDBOARD","TIERLESS_BOOSTING"]},{"id":"1383977063953862847","name":"ガ連(仮)","icon":"e97c302390bddc9ee166d5f2f50fa2a9","banner":null,"owner":false,"permissions":104320577,"permissions_new":"2248473465835073","features":["SOUNDBOARD","TIERLESS_BOOSTING_SYSTEM_MESSAGE"]},{"id":"1410927984939896882","name":"【公式】ブループロトコル：スターレゾナンス","icon":"590c8b729a4bd15bc0b1d78d193dd47a","banner":"ab8128a362b52fdcac369202bd93780b","owner":false,"permissions":104189505,"permissions_new":"532305465953857","features":["AGE_VERIFICATION_LARGE_GUILD","COMMUNITY","MAX_FILE_SIZE_100_MB","GUILD_SERVER_GUIDE","VIDEO_BITRATE_ENHANCED","ROLE_ICONS","ANIMATED_ICON","STAGE_CHANNEL_VIEWERS_50","AUDIO_BITRATE_256_KBPS","AUDIO_BITRATE_128_KBPS","GUILD_TAGS","TIERLESS_BOOSTING","GUILD_ONBOARDING_EVER_ENABLED","VIDEO_QUALITY_720_60FPS","GUILD_ONBOARDING","INVITE_SPLASH","SOUNDBOARD","VANITY_URL","NEWS","AUDIO_BITRATE_384_KBPS","BANNER","MEMBER_VERIFICATION_GATE_ENABLED","ANIMATED_BANNER","STAGE_CHANNEL_VIEWERS_150","ENABLED_MODERATION_EXPERIENCE_FOR_NON_COMMUNITY","MAX_FILE_SIZE_50_MB","STAGE_CHANNEL_VIEWERS_300","AUTO_MODERATION","VIDEO_QUALITY_1080_60FPS"]},{"id":"1449996722695704589","name":"hu3聖殿","icon":null,"banner":null,"owner":false,"permissions":104320577,"permissions_new":"2248473465835073","features":[]},{"id":"1453257522566795417","name":"黒の軍団 ブルプロ部門","icon":"34ffabe21079763c481f9caca0ce6eb3","banner":null,"owner":false,"permissions":104320577,"permissions_new":"2248473465835073","features":["TIERLESS_BOOSTING","INVITE_SPLASH","SOUNDBOARD","VIDEO_BITRATE_ENHANCED","PIN_PERMISSION_MIGRATION_COMPLETE","VIDEO_QUALITY_720_60FPS","STAGE_CHANNEL_VIEWERS_50","AUDIO_BITRATE_128_KBPS","ANIMATED_ICON","BYPASS_SLOWMODE_PERMISSION_MIGRATION_COMPLETE"]},{"id":"1481032096985383094","name":"スタレゾ交流鯖","icon":"add75a2163357f2c43303f1e8d4bc329","banner":null,"owner":false,"permissions":104320577,"permissions_new":"2248473465835073","features":[]}]', NULL, NULL);
INSERT OR REPLACE INTO users (id, username, avatar, accessToken, refreshToken, guilds, subscriptionStatus, expiresAt) VALUES ('755713441540603944', 'rinrialeo', 'bf28e37279a5750fa1026beb5082ae6c', 'MTQyNDg1NDY3OTMyNTc3Mzg0NA.Y64BZjp7PFdqj8LlUh1UduR62J7lyC', 'AS6ImAFGG428pPnUs9svB3xrXfIIoe', '[{"id":"595999872222756885","name":"Study Together ♡","icon":"a_aea7dfa08a0bc3dc1e4db2a3d85d995b","banner":"a_21d33b151d02b732f74a1717d33b0e01","owner":false,"permissions":104189505,"permissions_new":"176340723945025","features":["PREVIEW_ENABLED","WELCOME_SCREEN_ENABLED","BANNER","ENHANCED_ROLE_COLORS","GUILD_ONBOARDING_EVER_ENABLED","AUDIO_BITRATE_256_KBPS","GUILD_TAGS_BADGE_PACK_FLEX","AUDIO_BITRATE_128_KBPS","AUTO_MODERATION","ANIMATED_BANNER","ENABLED_DISCOVERABLE_BEFORE","GUILD_WEB_PAGE_VANITY_URL","THREADS_ENABLED","VANITY_URL","VIDEO_QUALITY_1080_60FPS","BYPASS_SLOWMODE_PERMISSION_MIGRATION_COMPLETE","INVITE_SPLASH","STAGE_CHANNEL_VIEWERS_150","CONSIDERED_EXTERNALLY_DISCOVERABLE","NEWS","VIDEO_BITRATE_ENHANCED","GUILD_HOME_TEST","AUDIO_BITRATE_384_KBPS","MAX_FILE_SIZE_100_MB","STAGE_CHANNEL_VIEWERS_300","ANIMATED_ICON","GUILD_ONBOARDING","STAGE_CHANNEL_VIEWERS_50","TEXT_IN_VOICE_ENABLED","TIERLESS_BOOSTING","MAX_FILE_SIZE_50_MB","CHANNEL_ICON_EMOJIS_GENERATED","TIERLESS_BOOSTING_SYSTEM_MESSAGE","VIDEO_QUALITY_720_60FPS","GUILD_ONBOARDING_HAS_PROMPTS","PIN_PERMISSION_MIGRATION_COMPLETE","GUILD_SERVER_GUIDE","DISCOVERABLE","SOUNDBOARD","ROLE_ICONS","GUILD_TAGS","COMMUNITY","AGE_VERIFICATION_LARGE_GUILD","VERIFIED"]},{"id":"794948543474958387","name":"マイクラでクラフト","icon":"82a158a86823f8afe705263407b156bd","banner":null,"owner":true,"permissions":2147483647,"permissions_new":"9007199254740991","features":[]},{"id":"847818158773502012","name":"月光彫刻師wiki","icon":"892c788e291f71654b813b28bbb53c9e","banner":null,"owner":false,"permissions":104320577,"permissions_new":"2222085186768449","features":["CHANNEL_ICON_EMOJIS_GENERATED"]},{"id":"1034733847633477682","name":"minecraft","icon":"5ae7a2f6c737309254c8b4bd017edd4f","banner":null,"owner":true,"permissions":2147483647,"permissions_new":"9007199254740991","features":[]},{"id":"1062198562047406130","name":"ハッピー市長１０１","icon":"bc085d951ff1c25af2f35d8fa9105da3","banner":null,"owner":false,"permissions":104189505,"permissions_new":"2222085186637377","features":["AUTO_MODERATION","PREVIEW_ENABLED","MEMBER_VERIFICATION_GATE_ENABLED","NEWS","CHANNEL_ICON_EMOJIS_GENERATED","TIERLESS_BOOSTING_SYSTEM_MESSAGE","COMMUNITY"]},{"id":"1092092143729922060","name":"汐風の中で...","icon":"05d7163d6e3cfdccf81633581f16276f","banner":null,"owner":false,"permissions":104320577,"permissions_new":"2248473465835073","features":["CHANNEL_ICON_EMOJIS_GENERATED"]},{"id":"1224697062289969324","name":"森のハチミツ商会","icon":"3ef0239e2084cc55aa5e8087a6c656de","banner":null,"owner":true,"permissions":2147483647,"permissions_new":"9007199254740991","features":["ENABLED_MODERATION_EXPERIENCE_FOR_NON_COMMUNITY","NEWS","TIERLESS_BOOSTING_SYSTEM_MESSAGE","SOUNDBOARD","COMMUNITY"]},{"id":"1301385935522369566","name":"rinのサーバー","icon":"6b977ad9980dc68567e248bf6cc55e82","banner":null,"owner":true,"permissions":2147483647,"permissions_new":"9007199254740991","features":[]},{"id":"1330815409011560559","name":"HIT リマインダー【非公式】","icon":"5918dead129e2f6fb8ffbe7ca0a778d8","banner":null,"owner":false,"permissions":104320577,"permissions_new":"2248473465835073","features":["STAGE_CHANNEL_VIEWERS_50","INVITE_SPLASH","VIDEO_BITRATE_ENHANCED","TIERLESS_BOOSTING","TIERLESS_BOOSTING_SYSTEM_MESSAGE","VIDEO_QUALITY_720_60FPS","ACTIVITY_FEED_DISABLED_BY_USER","ANIMATED_ICON","AUDIO_BITRATE_128_KBPS"]},{"id":"1344240457030565939","name":"HIT : The World Guild ChampionShip Season1","icon":"8c1e62c94eb9db6a80376af4a937b9de","banner":null,"owner":false,"permissions":104320576,"permissions_new":"2248473465835072","features":["TIERLESS_BOOSTING_SYSTEM_MESSAGE"]},{"id":"1353707914728308858","name":"女子会💕","icon":"d94981633bfc82d1fc5f2127af443291","banner":null,"owner":true,"permissions":2147483647,"permissions_new":"9007199254740991","features":["TIERLESS_BOOSTING_SYSTEM_MESSAGE"]},{"id":"1357346820778360903","name":"あの日あの時あの場所で君にサーバー","icon":null,"banner":null,"owner":false,"permissions":104320577,"permissions_new":"2248473465835073","features":["TIERLESS_BOOSTING_SYSTEM_MESSAGE"]},{"id":"1383977063953862847","name":"ガ連(仮)","icon":"e97c302390bddc9ee166d5f2f50fa2a9","banner":null,"owner":false,"permissions":2147483647,"permissions_new":"9007199254740991","features":["TIERLESS_BOOSTING_SYSTEM_MESSAGE","SOUNDBOARD"]},{"id":"1392352831381438585","name":"ドズル社サーバー","icon":"32ee5f53cc59a82ba2f7d1109a6f2b78","banner":"25fefaf3330f000fe7a70849ff1e30f5","owner":false,"permissions":100729920,"permissions_new":"2674562135295040","features":["INVITE_SPLASH","MEMBER_VERIFICATION_GATE_ENABLED","BANNER","STAGE_CHANNEL_VIEWERS_150","NEWS","VIDEO_BITRATE_ENHANCED","AUDIO_BITRATE_384_KBPS","GUILD_ONBOARDING_EVER_ENABLED","AUDIO_BITRATE_256_KBPS","MAX_FILE_SIZE_100_MB","STAGE_CHANNEL_VIEWERS_300","ANIMATED_ICON","GUILD_ONBOARDING","AUDIO_BITRATE_128_KBPS","ANIMATED_BANNER","STAGE_CHANNEL_VIEWERS_50","ACTIVITY_FEED_ENABLED_BY_USER","TIERLESS_BOOSTING","MAX_FILE_SIZE_50_MB","VANITY_URL","VIDEO_QUALITY_720_60FPS","PIN_PERMISSION_MIGRATION_COMPLETE","GUILD_SERVER_GUIDE","VIDEO_QUALITY_1080_60FPS","SOUNDBOARD","GUILD_TAGS","ROLE_ICONS","BYPASS_SLOWMODE_PERMISSION_MIGRATION_COMPLETE","COMMUNITY","AGE_VERIFICATION_LARGE_GUILD"]},{"id":"1406984921561563146","name":"Hugo 2025/08/18〜シーズン","icon":null,"banner":null,"owner":false,"permissions":104320577,"permissions_new":"2248473465835073","features":[]},{"id":"1418627454087594159","name":"Z連合ギルマス会議室","icon":"dcb008c7b7022566729687590e2008c2","banner":null,"owner":false,"permissions":104320577,"permissions_new":"2248473465835073","features":["SOUNDBOARD"]},{"id":"1419699594756882454","name":"Z連合","icon":"b2a4541bc30f3eebe57593b1d6cbc607","banner":null,"owner":false,"permissions":389533249,"permissions_new":"2248473751047745","features":["TIERLESS_BOOSTING","SOUNDBOARD"]},{"id":"1429978929296572556","name":"ダウンロード画像","icon":null,"banner":null,"owner":true,"permissions":2147483647,"permissions_new":"9007199254740991","features":[]},{"id":"1449996722695704589","name":"hu3聖殿","icon":null,"banner":null,"owner":false,"permissions":104320577,"permissions_new":"2248473465835073","features":[]},{"id":"1453020782199312404","name":"聖殿相互キル用Hu3-Lu3","icon":null,"banner":null,"owner":false,"permissions":2147483647,"permissions_new":"9007199254740991","features":[]}]', NULL, NULL);
INSERT OR REPLACE INTO users (id, username, avatar, accessToken, refreshToken, guilds, subscriptionStatus, expiresAt) VALUES ('790572324621385758', 'midori_tanuki', '7c0785faff2d0f5d899cb2dffb3bfbdf', 'MTQyNDg1NDY3OTMyNTc3Mzg0NA.10jDWBjlsFEgqd8M7SWBfEOPHLHCOd', '8V6Extl7Cfr3hIzyA44ouvGV6CEnRq', '[{"id":"766274715895201795","name":"【くるっぽー同窓会】","icon":"3faf2ba502354075cae80844ddae5271","banner":null,"owner":true,"permissions":2147483647,"permissions_new":"9007199254740991","features":["CHANNEL_ICON_EMOJIS_GENERATED"]},{"id":"790572900704583721","name":"大きいお揚げのサーバー","icon":"c24418351cce508d79b0ab97654eaed6","banner":null,"owner":true,"permissions":2147483647,"permissions_new":"9007199254740991","features":[]},{"id":"893439128392314961","name":"言うとく、ここはタルシー3鯖","icon":"e5d6040d5476ad624b631d554bc3ef09","banner":null,"owner":false,"permissions":104320577,"permissions_new":"2222085186768449","features":["CHANNEL_ICON_EMOJIS_GENERATED"]},{"id":"1035605442610614302","name":"倶楽部　猫の巣　feet元黒兄","icon":"355485f041c9eded11f9b96410c536df","banner":null,"owner":false,"permissions":104320577,"permissions_new":"2248473465835073","features":[]},{"id":"1052129210229067816","name":"元黒兄ｋｆｃメンバサーバー","icon":null,"banner":null,"owner":false,"permissions":104320577,"permissions_new":"2248473465835073","features":[]},{"id":"1118836838107467857","name":"オーディン　円卓ギルド","icon":"f2db8c182a637b2d4b08fb8289ac58bb","banner":null,"owner":true,"permissions":2147483647,"permissions_new":"9007199254740991","features":["CHANNEL_ICON_EMOJIS_GENERATED"]},{"id":"1135796845956841482","name":"【非公式】ODINアース01","icon":"a00b532cb5b115640d58cee08e07eeff","banner":null,"owner":false,"permissions":104189505,"permissions_new":"2222085186637377","features":["COMMUNITY","CHANNEL_ICON_EMOJIS_GENERATED","NEWS"]},{"id":"1210896405150048327","name":"「とりあえずギルド」HTW","icon":"a_e2c879a16aa6be28a09acf3cffd476ec","banner":null,"owner":false,"permissions":104320577,"permissions_new":"2222085186768449","features":["AUDIO_BITRATE_128_KBPS","TIERLESS_BOOSTING_SYSTEM_MESSAGE","STAGE_CHANNEL_VIEWERS_50","COMMUNITY","SOUNDBOARD","TIERLESS_BOOSTING","ANIMATED_ICON","NEWS","VIDEO_QUALITY_720_60FPS","INVITE_SPLASH","VIDEO_BITRATE_ENHANCED"]},{"id":"1213499591937368164","name":"宴卓ギルドサーバー","icon":"c1d1e2f8b046d43b6ea5ba24c9715c04","banner":null,"owner":false,"permissions":104320577,"permissions_new":"2248473465835073","features":[]},{"id":"1217810670113001472","name":"碧のたぬきのサーバー","icon":"1bf0304a711de823d40f54e2ca1ef8ba","banner":null,"owner":true,"permissions":2147483647,"permissions_new":"9007199254740991","features":[]},{"id":"1238498248067383366","name":"ちゃぶ台と愉快な円卓民","icon":"5f1a2faa4da61e1533c05b2fdf9e7e10","banner":null,"owner":false,"permissions":104320577,"permissions_new":"2248473465835073","features":["TIERLESS_BOOSTING_SYSTEM_MESSAGE"]},{"id":"1275092629586972722","name":"宴卓鯖移動事案会議","icon":"b7a5deb6adbb2db55358c86c99272f75","banner":null,"owner":false,"permissions":104320577,"permissions_new":"2248473465835073","features":[]},{"id":"1282261524206845952","name":"宴卓","icon":"3600b0d18c4039bc65b13360821529fd","banner":null,"owner":false,"permissions":2146959351,"permissions_new":"2249592199970807","features":["TIERLESS_BOOSTING_SYSTEM_MESSAGE"]},{"id":"1293472165425053800","name":"モンハン","icon":"67d16646fb9c2e9bc90852a97dbe9089","banner":null,"owner":false,"permissions":104320577,"permissions_new":"2248473465835073","features":["TIERLESS_BOOSTING_SYSTEM_MESSAGE"]},{"id":"1374442895204945940","name":"とりまお暇","icon":"e9bd51a1a337bb7bf6e5d08ea1f87ee2","banner":null,"owner":false,"permissions":1178074945,"permissions_new":"2222103440392001","features":["COMMUNITY","SOUNDBOARD","TIERLESS_BOOSTING_SYSTEM_MESSAGE","NEWS"]},{"id":"1377449543242874931","name":"新四つ葉連合","icon":"4a4721b39dceb48bb74f8a6a0ea34f43","banner":null,"owner":false,"permissions":104189505,"permissions_new":"2222085186637377","features":["COMMUNITY","TIERLESS_BOOSTING_SYSTEM_MESSAGE","NEWS"]},{"id":"1382157561570136094","name":"移動先について","icon":"f006ae14110b66e3ca37e2525e7e13ef","banner":null,"owner":false,"permissions":104320577,"permissions_new":"2248473465835073","features":["TIERLESS_BOOSTING_SYSTEM_MESSAGE"]},{"id":"1419699594756882454","name":"Z連合","icon":"b2a4541bc30f3eebe57593b1d6cbc607","banner":null,"owner":false,"permissions":121097792,"permissions_new":"2248473482612288","features":["SOUNDBOARD","TIERLESS_BOOSTING"]},{"id":"1428387359648514123","name":"色んなリマインダー","icon":"d36a42de83efb0285785b6742e71d48e","banner":null,"owner":true,"permissions":2147483647,"permissions_new":"9007199254740991","features":[]}]', NULL, NULL);
INSERT OR REPLACE INTO users (id, username, avatar, accessToken, refreshToken, guilds, subscriptionStatus, expiresAt) VALUES ('949376403466493982', 'parunaporute', '9f1aa1be7509d1bf17cf518409afe2b5', 'MTQyNDg1NDY3OTMyNTc3Mzg0NA.Mcb7S7wwkuehJ4hBCNrOVTi0KQ9AWD', 'ysduXpnKhYiXXJ2IByFbctQIvkVElF', '[{"id":"673146839159275520","name":"色々","icon":null,"banner":null,"owner":false,"permissions":104324673,"permissions_new":"2248473465839169","features":[]},{"id":"942810215840096256","name":"Dominion","icon":"a45377ddb422953257b6d843494998b9","banner":null,"owner":true,"permissions":2147483647,"permissions_new":"9007199254740991","features":[]},{"id":"949377479943024661","name":"n416のサーバー","icon":null,"banner":null,"owner":true,"permissions":2147483647,"permissions_new":"9007199254740991","features":[]},{"id":"962997294414843924","name":"ぽてとげーむさろん","icon":"1ce016f11997b51c34382cfd8cf6627d","banner":null,"owner":true,"permissions":2147483647,"permissions_new":"9007199254740991","features":["SOUNDBOARD","TIERLESS_BOOSTING_SYSTEM_MESSAGE","CHANNEL_ICON_EMOJIS_GENERATED"]},{"id":"1080390670222622811","name":"n416パルナポテトのサーバー","icon":null,"banner":null,"owner":true,"permissions":2147483647,"permissions_new":"9007199254740991","features":[]},{"id":"1092091349030948935","name":"AI編集用１","icon":null,"banner":null,"owner":true,"permissions":2147483647,"permissions_new":"9007199254740991","features":[]},{"id":"1118512595146641482","name":"ちゃりプロ","icon":"f1daa400ad916e645c11cf4fcedd4b26","banner":null,"owner":false,"permissions":536342487,"permissions_new":"2144037473087447","features":["TIERLESS_BOOSTING_SYSTEM_MESSAGE","CHANNEL_ICON_EMOJIS_GENERATED"]},{"id":"1229408112268541982","name":"Lish＆Rich","icon":"52f8b40cb1d20f21952658fb2e118429","banner":null,"owner":false,"permissions":104189505,"permissions_new":"2222085186637377","features":["SOUNDBOARD","TIERLESS_BOOSTING_SYSTEM_MESSAGE","COMMUNITY","NEWS"]},{"id":"1266017061709152398","name":"lomyのサーバー","icon":"ae119cd452e3a2d3702e160b4333cc6d","banner":null,"owner":false,"permissions":104320577,"permissions_new":"2248473465835073","features":["SOUNDBOARD","TIERLESS_BOOSTING_SYSTEM_MESSAGE"]},{"id":"1280343668313555015","name":"Lish＆じゃがりこ","icon":"3f2e1d0e73b32c72505d3e0dbcd4ca29","banner":null,"owner":false,"permissions":2147483647,"permissions_new":"9007199254740991","features":[]},{"id":"1330815409011560559","name":"HIT リマインダー【非公式】","icon":"5918dead129e2f6fb8ffbe7ca0a778d8","banner":null,"owner":false,"permissions":104320577,"permissions_new":"2248473465835073","features":["ANIMATED_ICON","VIDEO_BITRATE_ENHANCED","TIERLESS_BOOSTING_SYSTEM_MESSAGE","INVITE_SPLASH","AUDIO_BITRATE_128_KBPS","STAGE_CHANNEL_VIEWERS_50","ACTIVITY_FEED_DISABLED_BY_USER","VIDEO_QUALITY_720_60FPS","TIERLESS_BOOSTING"]},{"id":"1331825371804471298","name":"オートTRPGメーカー（仮","icon":null,"banner":null,"owner":true,"permissions":2147483647,"permissions_new":"9007199254740991","features":[]},{"id":"1348358483338068100","name":"OaO製作委員会","icon":null,"banner":null,"owner":false,"permissions":104320577,"permissions_new":"2248473465835073","features":[]},{"id":"1425850366876057735","name":"日本夜食の会ー古代ー","icon":"08ac5f12a3b361aac68013e7c191c575","banner":null,"owner":false,"permissions":104320577,"permissions_new":"2248473465835073","features":[]}]', NULL, NULL);
INSERT OR REPLACE INTO servers (id, channels, channelsFetchedAt, emojis, emojisFetchedAt, passwordHash, customName, customIcon, serverType) VALUES ('1092091349030948935', '[{"id":"1093578635518169140","name":"#チャンネル１"}]', '2025-10-16T15:38:26.655Z', '[]', '2025-10-16T15:38:26.682Z', NULL, NULL, NULL, 'normal');
INSERT OR REPLACE INTO servers (id, channels, channelsFetchedAt, emojis, emojisFetchedAt, passwordHash, customName, customIcon, serverType) VALUES ('1253334679772336148', '[{"id":"1253334679772336151","name":"#一般"},{"id":"1253649552091910244","name":"#雑談や要望"}]', '2025-10-16T14:15:17.800Z', '[]', '2025-10-16T14:15:18.275Z', NULL, NULL, NULL, 'normal');
INSERT OR REPLACE INTO servers (id, channels, channelsFetchedAt, emojis, emojisFetchedAt, passwordHash, customName, customIcon, serverType) VALUES ('1348358483338068100', '[{"id":"1407192736326484070","name":"#テスト"},{"id":"1348358483338068103","name":"#一般"}]', '2025-10-22T18:02:42.721Z', '[]', '2025-10-22T18:02:42.734Z', '$2b$10$tEzbeMVDHpDBoXIXjJiiLuJqY1p9a7gJydigEFI3rL19yhz0Q/DbW', NULL, NULL, 'hit_the_world');
INSERT OR REPLACE INTO servers (id, channels, channelsFetchedAt, emojis, emojisFetchedAt, passwordHash, customName, customIcon, serverType) VALUES ('1374442895204945940', '[{"id":"1374463475832586250","name":"#hit"},{"id":"1374444944844132415","name":"#moderator-only"},{"id":"1374444944844132412","name":"#rules"},{"id":"1374463112513585232","name":"#trpgmaker"},{"id":"1415012767345279128","name":"#ギフトコード"},{"id":"1374446723992129778","name":"#だらだら雑談"},{"id":"1377017999017639997","name":"#ツッコミ自由ちょこの独り言"},{"id":"1374455232213422160","name":"#はじめまして"},{"id":"1426127483048038440","name":"#ボスリマインダー"},{"id":"1374457720819814493","name":"#マイクラでのメモ"},{"id":"1374462798708609095","name":"#リクエスト"},{"id":"1374455100751478914","name":"#画像"},{"id":"1377963499254317208","name":"#開発談"},{"id":"1416074660755406888","name":"#雑談"},{"id":"1374461837185388604","name":"#自己紹介"},{"id":"1377302723182989432","name":"#情報"},{"id":"1377931543275765830","name":"#投票"},{"id":"1375108863191285862","name":"#読み上げ用"},{"id":"1377950951348113499","name":"#欲しい物リスト"},{"id":"1378760013635522632","name":"#連合組みたくない所とか？"}]', '2025-10-17T13:43:51.738Z', '[{"id":"1379836907894079549","name":"odorokihamu","url":"https://cdn.discordapp.com/emojis/1379836907894079549.png","animated":false},{"id":"1379837700059959447","name":"chirakuma","url":"https://cdn.discordapp.com/emojis/1379837700059959447.png","animated":false},{"id":"1379837843928518756","name":"oyasuminasai","url":"https://cdn.discordapp.com/emojis/1379837843928518756.png","animated":false},{"id":"1379837925088428052","name":"suya","url":"https://cdn.discordapp.com/emojis/1379837925088428052.png","animated":false},{"id":"1379837977970343949","name":"chukareta","url":"https://cdn.discordapp.com/emojis/1379837977970343949.png","animated":false},{"id":"1379838058924474449","name":"aan","url":"https://cdn.discordapp.com/emojis/1379838058924474449.png","animated":false},{"id":"1379838172112093205","name":"uu","url":"https://cdn.discordapp.com/emojis/1379838172112093205.png","animated":false},{"id":"1379838252537745510","name":"pekori","url":"https://cdn.discordapp.com/emojis/1379838252537745510.png","animated":false},{"id":"1379838432733298708","name":"wakuwakuma","url":"https://cdn.discordapp.com/emojis/1379838432733298708.png","animated":false},{"id":"1379839649509277848","name":"ueen","url":"https://cdn.discordapp.com/emojis/1379839649509277848.png","animated":false},{"id":"1379842599354896525","name":"nakikaopikacyu","url":"https://cdn.discordapp.com/emojis/1379842599354896525.png","animated":false},{"id":"1381545097153347756","name":"miiwakika","url":"https://cdn.discordapp.com/emojis/1381545097153347756.png","animated":false},{"id":"1382266265514545273","name":"okuchimiffy","url":"https://cdn.discordapp.com/emojis/1382266265514545273.png","animated":false},{"id":"1382288207374450698","name":"nounaikuma","url":"https://cdn.discordapp.com/emojis/1382288207374450698.png","animated":false},{"id":"1383438780719038586","name":"kirakira","url":"https://cdn.discordapp.com/emojis/1383438780719038586.png","animated":false},{"id":"1383438832036479047","name":"puka","url":"https://cdn.discordapp.com/emojis/1383438832036479047.png","animated":false},{"id":"1383438875808239789","name":"ofuro","url":"https://cdn.discordapp.com/emojis/1383438875808239789.png","animated":false},{"id":"1383439638278176809","name":"kotatu","url":"https://cdn.discordapp.com/emojis/1383439638278176809.png","animated":false},{"id":"1383439665222123600","name":"atui","url":"https://cdn.discordapp.com/emojis/1383439665222123600.png","animated":false},{"id":"1383445166680965201","name":"eho","url":"https://cdn.discordapp.com/emojis/1383445166680965201.png","animated":false},{"id":"1383447268761276516","name":"bunnygirl","url":"https://cdn.discordapp.com/emojis/1383447268761276516.png","animated":false},{"id":"1390735579754532884","name":"pokemon","url":"https://cdn.discordapp.com/emojis/1390735579754532884.png","animated":false},{"id":"1390741644403277895","name":"tonarino","url":"https://cdn.discordapp.com/emojis/1390741644403277895.png","animated":false},{"id":"1391754761816113234","name":"guuru","url":"https://cdn.discordapp.com/emojis/1391754761816113234.png","animated":false},{"id":"1394299058536841236","name":"foxsay","url":"https://cdn.discordapp.com/emojis/1394299058536841236.png","animated":false},{"id":"1394312699487195177","name":"sc","url":"https://cdn.discordapp.com/emojis/1394312699487195177.png","animated":false}]', '2025-10-17T13:43:51.872Z', NULL, NULL, NULL, 'normal');
INSERT OR REPLACE INTO servers (id, channels, channelsFetchedAt, emojis, emojisFetchedAt, passwordHash, customName, customIcon, serverType) VALUES ('1379727445162201131', '[{"id":"1404798085598810334","name":"#「完」報用のキャラクター"},{"id":"1403540053648609383","name":"#『完』サーバー移動来る！さよならプリキュアチャンス"},{"id":"1403419605174718647","name":"#『完』ホットタイム中の動き方"},{"id":"1397541449473593374","name":"#『完』激戦地なんもきめてなかった"},{"id":"1383829477611540592","name":"#〖完〗ギルドエンブレムどれにしますか？"},{"id":"1379735928968445982","name":"#〖完〗ギルド名どうしますか？"},{"id":"1380303278880854036","name":"#〖完〗ギルド属性アンケート"},{"id":"1388868964649537697","name":"#〖完〗サーバー移動について"},{"id":"1382742023722897458","name":"#〖完〗ステータス表ほしい？"},{"id":"1391972130647834675","name":"#〖完〗プリキュア合併について"},{"id":"1383481854086348952","name":"#〖完〗守護ギルボス時間"},{"id":"1387279543345352805","name":"#〖完〗対プリキュアなみだ方針"},{"id":"1410626034377818203","name":"#〖完〗次のギルドチャンピオンシップについて相談"},{"id":"1383818826529116250","name":"#ギルド垢"},{"id":"1390253179568128071","name":"#ステータスシート"},{"id":"1380301710467006625","name":"#その１"},{"id":"1380301888381259827","name":"#その２"},{"id":"1480185787126644840","name":"#ちょこふれーくの無駄執筆活動"},{"id":"1425506681290489977","name":"#ボスリマインダー"},{"id":"1390340214139916289","name":"#メインクエスト進捗"},{"id":"1379727446278017076","name":"#一般"},{"id":"1384826011887341601","name":"#他鯖への招待リンク"},{"id":"1476129212682473513","name":"#初心者向け情報"},{"id":"1393961426976243752","name":"#動画置き場"},{"id":"1382616439290200084","name":"#大事な話"},{"id":"1389580169781706782","name":"#復讐した方がスッキリするんじゃないかな"},{"id":"1380305398858256510","name":"#攻城戦"},{"id":"1392567937273172160","name":"#猫管理"},{"id":"1380305295527383111","name":"#競合の戦場"},{"id":"1381397470818336778","name":"#管理者会議"},{"id":"1380305066241818665","name":"#聖物占領戦"},{"id":"1380306906463076445","name":"#職業"},{"id":"1411707349411827742","name":"#装備シェア～"},{"id":"1381998293583790202","name":"#装備シミュレーター"},{"id":"1379734550162178048","name":"#雑談"}]', '2026-03-28T09:15:06.252Z', '[{"id":"1380309959224459305","name":"taikenn","url":"https://cdn.discordapp.com/emojis/1380309959224459305.png","animated":false},{"id":"1380309988693643385","name":"yumi","url":"https://cdn.discordapp.com/emojis/1380309988693643385.png","animated":false},{"id":"1380310014710906990","name":"tue","url":"https://cdn.discordapp.com/emojis/1380310014710906990.png","animated":false},{"id":"1380310037959938171","name":"donki","url":"https://cdn.discordapp.com/emojis/1380310037959938171.png","animated":false},{"id":"1380310063633404014","name":"miturugi","url":"https://cdn.discordapp.com/emojis/1380310063633404014.png","animated":false},{"id":"1380310084168454215","name":"soukenn","url":"https://cdn.discordapp.com/emojis/1380310084168454215.png","animated":false},{"id":"1380310107350368277","name":"soujyuu","url":"https://cdn.discordapp.com/emojis/1380310107350368277.png","animated":false},{"id":"1380310130666508430","name":"houjyu","url":"https://cdn.discordapp.com/emojis/1380310130666508430.png","animated":false},{"id":"1380310153533984778","name":"kama","url":"https://cdn.discordapp.com/emojis/1380310153533984778.png","animated":false},{"id":"1380310178410402023","name":"bokusaa","url":"https://cdn.discordapp.com/emojis/1380310178410402023.png","animated":false},{"id":"1393825245701603358","name":"foxsay","url":"https://cdn.discordapp.com/emojis/1393825245701603358.png","animated":false},{"id":"1393836020197359667","name":"odorokihamu","url":"https://cdn.discordapp.com/emojis/1393836020197359667.png","animated":false},{"id":"1393836088509988956","name":"chirakuma","url":"https://cdn.discordapp.com/emojis/1393836088509988956.png","animated":false},{"id":"1393836161260191827","name":"oyasuminasai","url":"https://cdn.discordapp.com/emojis/1393836161260191827.png","animated":false},{"id":"1393836207447871579","name":"suya","url":"https://cdn.discordapp.com/emojis/1393836207447871579.png","animated":false},{"id":"1393836303958802432","name":"chukareta","url":"https://cdn.discordapp.com/emojis/1393836303958802432.png","animated":false},{"id":"1393836342453993622","name":"aan","url":"https://cdn.discordapp.com/emojis/1393836342453993622.png","animated":false},{"id":"1393836379670184046","name":"uu","url":"https://cdn.discordapp.com/emojis/1393836379670184046.png","animated":false},{"id":"1393836532758220820","name":"pekori","url":"https://cdn.discordapp.com/emojis/1393836532758220820.png","animated":false},{"id":"1393836560431972445","name":"wakuwakuma","url":"https://cdn.discordapp.com/emojis/1393836560431972445.png","animated":false},{"id":"1393836593181098014","name":"ueen","url":"https://cdn.discordapp.com/emojis/1393836593181098014.png","animated":false},{"id":"1393836755064455230","name":"nakikaopikacyu","url":"https://cdn.discordapp.com/emojis/1393836755064455230.png","animated":false},{"id":"1393836799847305216","name":"miiwakika","url":"https://cdn.discordapp.com/emojis/1393836799847305216.png","animated":false},{"id":"1393837034325672048","name":"nounaikuma","url":"https://cdn.discordapp.com/emojis/1393837034325672048.png","animated":false},{"id":"1393837078374256650","name":"kirakira","url":"https://cdn.discordapp.com/emojis/1393837078374256650.png","animated":false},{"id":"1393837187220639756","name":"okuchimiffy","url":"https://cdn.discordapp.com/emojis/1393837187220639756.png","animated":false},{"id":"1393837393072619670","name":"puka","url":"https://cdn.discordapp.com/emojis/1393837393072619670.png","animated":false},{"id":"1393837429160411197","name":"ofuro","url":"https://cdn.discordapp.com/emojis/1393837429160411197.png","animated":false},{"id":"1393837504263880714","name":"atui","url":"https://cdn.discordapp.com/emojis/1393837504263880714.png","animated":false},{"id":"1393837534038986803","name":"kotatu","url":"https://cdn.discordapp.com/emojis/1393837534038986803.png","animated":false},{"id":"1393837566901358612","name":"eho","url":"https://cdn.discordapp.com/emojis/1393837566901358612.png","animated":false},{"id":"1393837793863532604","name":"bunnygirl","url":"https://cdn.discordapp.com/emojis/1393837793863532604.png","animated":false},{"id":"1393837845696876564","name":"pokemon","url":"https://cdn.discordapp.com/emojis/1393837845696876564.png","animated":false},{"id":"1393837876994900079","name":"tonarino","url":"https://cdn.discordapp.com/emojis/1393837876994900079.png","animated":false},{"id":"1393837936973316148","name":"guuru","url":"https://cdn.discordapp.com/emojis/1393837936973316148.png","animated":false},{"id":"1394296952404971691","name":"maru","url":"https://cdn.discordapp.com/emojis/1394296952404971691.png","animated":false},{"id":"1394297020138655866","name":"batsu","url":"https://cdn.discordapp.com/emojis/1394297020138655866.png","animated":false},{"id":"1395331419357577286","name":"hatena","url":"https://cdn.discordapp.com/emojis/1395331419357577286.png","animated":false},{"id":"1481244703025266813","name":"otya","url":"https://cdn.discordapp.com/emojis/1481244703025266813.png","animated":false}]', '2026-03-28T09:05:09.522Z', NULL, NULL, NULL, 'hit_the_world');
INSERT OR REPLACE INTO servers (id, channels, channelsFetchedAt, emojis, emojisFetchedAt, passwordHash, customName, customIcon, serverType) VALUES ('1383977063953862847', '[{"id":"1385603141889818735","name":"#hu3ボス周り順"},{"id":"1407380208113160345","name":"#hu3向け雑談"},{"id":"1408002837115306054","name":"#インターボス"},{"id":"1408376553603334244","name":"#インター攻城戦"},{"id":"1407338813482733689","name":"#インター攻城戦-作戦室"},{"id":"1386563941810835486","name":"#お知らせ"},{"id":"1407175915670339666","name":"#カスタムマッチ！"},{"id":"1383979396620357693","name":"#ギルド紹介"},{"id":"1389048624448540734","name":"#ギルマス会議"},{"id":"1383978843756298310","name":"#ダイス"},{"id":"1422790642622271568","name":"#ブーストサーバー"},{"id":"1426641064105607330","name":"#ボスリマインダー"},{"id":"1418236663481766000","name":"#らいおん＆ミーティス"},{"id":"1383977064411168859","name":"#一般"},{"id":"1413719612654096454","name":"#一般"},{"id":"1408431515045728267","name":"#動物写真"},{"id":"1386713491020451961","name":"#各サーバー移動状況"},{"id":"1393620318697816166","name":"#情報共有"},{"id":"1386548363096359164","name":"#所属ギルド選択"},{"id":"1435256088558702592","name":"#投票"},{"id":"1383989446608683078","name":"#激戦地"},{"id":"1412817442908147812","name":"#激戦地情報"},{"id":"1383979631673213090","name":"#留学管理"},{"id":"1383981764221075568","name":"#自己紹介"},{"id":"1383978763653742594","name":"#雑談"}]', '2026-01-29T13:55:06.391Z', '[{"id":"1386555738272305234","name":"mitis","url":"https://cdn.discordapp.com/emojis/1386555738272305234.png","animated":false},{"id":"1386555771143327836","name":"fra9ment","url":"https://cdn.discordapp.com/emojis/1386555771143327836.png","animated":false},{"id":"1386555797768503357","name":"hachimitsu","url":"https://cdn.discordapp.com/emojis/1386555797768503357.png","animated":false},{"id":"1387579254220394628","name":"stream","url":"https://cdn.discordapp.com/emojis/1387579254220394628.png","animated":false},{"id":"1406295879790493817","name":"requiem","url":"https://cdn.discordapp.com/emojis/1406295879790493817.png","animated":false},{"id":"1406872108524638248","name":"lionlegend","url":"https://cdn.discordapp.com/emojis/1406872108524638248.png","animated":false},{"id":"1407374886921437266","name":"gadou","url":"https://cdn.discordapp.com/emojis/1407374886921437266.png","animated":false}]', '2026-01-10T12:23:34.782Z', NULL, NULL, NULL, 'hit_the_world');
INSERT OR REPLACE INTO servers (id, channels, channelsFetchedAt, emojis, emojisFetchedAt, passwordHash, customName, customIcon, serverType) VALUES ('1428387359648514123', '[{"id":"1428391884627251230","name":"#hitコンテンツ告知"},{"id":"1428387408596172830","name":"#hitボス告知"},{"id":"1428387360697221296","name":"#一般"}]', '2025-12-02T22:24:42.838Z', '[]', '2025-11-17T23:05:55.642Z', NULL, NULL, NULL, 'hit_the_world');
INSERT OR REPLACE INTO reminders (id, serverId, createdBy, channel, channelId, message, startTime, recurrence, status, notificationOffsets, selectedEmojis, hideNextTime, nextNotificationTime, nextOffsetIndex, "order") VALUES ('0nbqTaZXcUVNhP6KRwUf', '1383977063953862847', '1308700414601986118', '#ボスリマインダー', '1426641064105607330', '{{all}}', '2026-02-08T02:00:00.000Z', '{"type":"daily"}', 'paused', '[0]', '[]', 0, '2026-02-09T02:00:00.000Z', 0, NULL);
INSERT OR REPLACE INTO reminders (id, serverId, createdBy, channel, channelId, message, startTime, recurrence, status, notificationOffsets, selectedEmojis, hideNextTime, nextNotificationTime, nextOffsetIndex, "order") VALUES ('17b3ldfQbBdtdjhNtQnw', '1383977063953862847', '1308700414601986118', '#ボスリマインダー', '1426641064105607330', '啓示 5F） ケンタ {{offset}}', '2026-02-08T14:31:00.000Z', '{"type":"interval","hours":20}', 'paused', '[10,0]', '[]', 0, '2026-02-09T10:21:00.000Z', 0, NULL);
INSERT OR REPLACE INTO reminders (id, serverId, createdBy, channel, channelId, message, startTime, recurrence, status, notificationOffsets, selectedEmojis, hideNextTime, nextNotificationTime, nextOffsetIndex, "order") VALUES ('4rsz2soZNhos6TGfalGv', '1428387359648514123', '790572324621385758', '#hitコンテンツ告知', '1428391884627251230', '夜ヒュドっちです！', '2026-04-21T11:30:00.000Z', '{"type":"daily"}', 'active', '[10]', '[]', 0, '2026-04-22T11:20:00.000Z', 0, NULL);
INSERT OR REPLACE INTO reminders (id, serverId, createdBy, channel, channelId, message, startTime, recurrence, status, notificationOffsets, selectedEmojis, hideNextTime, nextNotificationTime, nextOffsetIndex, "order") VALUES ('5Q0HhKTttJGn1pQnpIYD', NULL, NULL, '#general', NULL, 'テスト', '2025-10-06T21:22:00.000Z', '{"type":"weekly","days":["tuesday"]}', 'paused', NULL, NULL, NULL, NULL, NULL, NULL);
INSERT OR REPLACE INTO reminders (id, serverId, createdBy, channel, channelId, message, startTime, recurrence, status, notificationOffsets, selectedEmojis, hideNextTime, nextNotificationTime, nextOffsetIndex, "order") VALUES ('89jvBSGSAdrFLhtdn9zp', '1379727445162201131', '1308700414601986118', '#ボスリマインダー', '1425506681290489977', 'ヒュドラ (昼) {{offset}}', '2026-04-22T03:30:00.000Z', '{"type":"daily"}', 'active', '[5,2]', '[]', 0, '2026-04-23T03:25:00.000Z', 0, 1);
INSERT OR REPLACE INTO reminders (id, serverId, createdBy, channel, channelId, message, startTime, recurrence, status, notificationOffsets, selectedEmojis, hideNextTime, nextNotificationTime, nextOffsetIndex, "order") VALUES ('9d4WP3lD34WWjxfrzkIi', '1428387359648514123', '790572324621385758', '#一般', '1428387360697221296', '朝礼会議だってさ…', '2026-04-21T02:00:00.000Z', '{"type":"weekly","days":["tuesday","friday"]}', 'active', '[10]', '[]', 0, '2026-04-24T01:50:00.000Z', 0, NULL);
INSERT OR REPLACE INTO reminders (id, serverId, createdBy, channel, channelId, message, startTime, recurrence, status, notificationOffsets, selectedEmojis, hideNextTime, nextNotificationTime, nextOffsetIndex, "order") VALUES ('9mG7TtfId1smUwDXDA0L', '1383977063953862847', '1308700414601986118', '#ボスリマインダー', '1426641064105607330', '黎明 5F） アズラエル {{offset}}', '2026-02-08T14:50:00.000Z', '{"type":"interval","hours":20}', 'paused', '[10,0]', '[]', 0, '2026-02-09T10:40:00.000Z', 0, NULL);
INSERT OR REPLACE INTO reminders (id, serverId, createdBy, channel, channelId, message, startTime, recurrence, status, notificationOffsets, selectedEmojis, hideNextTime, nextNotificationTime, nextOffsetIndex, "order") VALUES ('A0GA9JhPIwhManziyuPx', '1383977063953862847', '1308700414601986118', '#ボスリマインダー', '1426641064105607330', '墓地 3F） リセメン {{offset}}', '2026-02-08T14:11:00.000Z', '{"type":"interval","hours":20}', 'paused', '[10,0]', '[]', 0, '2026-02-09T10:01:00.000Z', 0, NULL);
INSERT OR REPLACE INTO reminders (id, serverId, createdBy, channel, channelId, message, startTime, recurrence, status, notificationOffsets, selectedEmojis, hideNextTime, nextNotificationTime, nextOffsetIndex, "order") VALUES ('Aqbym3ucH3kwoDOKuNwS', '1383977063953862847', '1308700414601986118', '#ボスリマインダー', '1426641064105607330', '啓示 3F） グレゴ {{offset}}', '2026-02-08T15:05:00.000Z', '{"type":"interval","hours":20}', 'paused', '[10,0]', '[]', 0, '2026-02-09T10:55:00.000Z', 0, NULL);
INSERT OR REPLACE INTO reminders (id, serverId, createdBy, channel, channelId, message, startTime, recurrence, status, notificationOffsets, selectedEmojis, hideNextTime, nextNotificationTime, nextOffsetIndex, "order") VALUES ('B8gWKy8u9yY83P4sgAlI', '1379727445162201131', '1308700414601986118', '#らいおん＆ミーティス', '1418236663481766000', '@everyone 競合の戦場', '2025-10-18T09:50:00.000Z', '{"type":"none"}', 'paused', '[10]', '["👏"]', 0, NULL, NULL, 10);
INSERT OR REPLACE INTO reminders (id, serverId, createdBy, channel, channelId, message, startTime, recurrence, status, notificationOffsets, selectedEmojis, hideNextTime, nextNotificationTime, nextOffsetIndex, "order") VALUES ('BADB8E2svrIYcRF0GYfb', '1379727445162201131', '1308700414601986118', '#ボスリマインダー', '1425506681290489977', '啓示 5F） ケンタ {{offset}}', '2026-04-22T02:10:00.000Z', '{"type":"interval","hours":20}', 'active', '[10,0]', '[]', 0, '2026-04-22T22:00:00.000Z', 0, 8);
INSERT OR REPLACE INTO reminders (id, serverId, createdBy, channel, channelId, message, startTime, recurrence, status, notificationOffsets, selectedEmojis, hideNextTime, nextNotificationTime, nextOffsetIndex, "order") VALUES ('ERp85E7jkLXY03Db4utB', '1379727445162201131', '1308700414601986118', '#ボスリマインダー', '1425506681290489977', '啓示 3F） グレゴ {{offset}}', '2026-04-22T02:17:00.000Z', '{"type":"interval","hours":20}', 'active', '[10,0]', '[]', 0, '2026-04-22T22:07:00.000Z', 0, 6);
INSERT OR REPLACE INTO reminders (id, serverId, createdBy, channel, channelId, message, startTime, recurrence, status, notificationOffsets, selectedEmojis, hideNextTime, nextNotificationTime, nextOffsetIndex, "order") VALUES ('JZXrLsoqp8TTmcryMtGO', '1379727445162201131', '1308700414601986118', '#ボスリマインダー', '1425506681290489977', '黎明 2F） アルサ {{offset}}', '2026-04-22T02:15:00.000Z', '{"type":"interval","hours":20}', 'active', '[10,0]', '[]', 0, '2026-04-22T22:05:00.000Z', 0, 7);
INSERT OR REPLACE INTO reminders (id, serverId, createdBy, channel, channelId, message, startTime, recurrence, status, notificationOffsets, selectedEmojis, hideNextTime, nextNotificationTime, nextOffsetIndex, "order") VALUES ('JtJDkqVBXYPiJtMBe8r4', '1280225346431488032', '1308700414601986118', '#general', NULL, 'やしょーく', '2025-10-06T22:37:00.000Z', '{"type":"weekly","days":["tuesday"]}', 'active', NULL, NULL, NULL, NULL, NULL, NULL);
INSERT OR REPLACE INTO reminders (id, serverId, createdBy, channel, channelId, message, startTime, recurrence, status, notificationOffsets, selectedEmojis, hideNextTime, nextNotificationTime, nextOffsetIndex, "order") VALUES ('KLQ3Dih9DGosfmiu9dco', '1374442895204945940', '1308700414601986118', '#ボスリマインダー', '1426127483048038440', 'そろそろボスです！！', '2025-10-17T12:00:00.000Z', '{"type":"interval","hours":20}', 'paused', NULL, '["1379836907894079549"]', NULL, NULL, NULL, NULL);
INSERT OR REPLACE INTO reminders (id, serverId, createdBy, channel, channelId, message, startTime, recurrence, status, notificationOffsets, selectedEmojis, hideNextTime, nextNotificationTime, nextOffsetIndex, "order") VALUES ('RiYVaJ24PDZSnPXh44cm', '1379727445162201131', '1308700414601986118', '#ボスリマインダー', '1425506681290489977', '{{all}}', '2026-04-22T02:00:00.000Z', '{"type":"daily"}', 'active', '[0]', '[]', 0, '2026-04-23T02:00:00.000Z', 0, 0);
INSERT OR REPLACE INTO reminders (id, serverId, createdBy, channel, channelId, message, startTime, recurrence, status, notificationOffsets, selectedEmojis, hideNextTime, nextNotificationTime, nextOffsetIndex, "order") VALUES ('SByP1lZiME5qsl6fJUuo', '1383977063953862847', '1308700414601986118', '#ボスリマインダー', '1426641064105607330', 'ヒュドラ (夜) {{offset}}', '2026-02-08T11:30:00.000Z', '{"type":"daily"}', 'paused', '[5,2]', '[]', 0, '2026-02-09T11:25:00.000Z', 0, NULL);
INSERT OR REPLACE INTO reminders (id, serverId, createdBy, channel, channelId, message, startTime, recurrence, status, notificationOffsets, selectedEmojis, hideNextTime, nextNotificationTime, nextOffsetIndex, "order") VALUES ('UWEDRamm16NA3hiWHeB7', '1379727445162201131', '1308700414601986118', '#ボスリマインダー', '1425506681290489977', '墓地 2F） スケロ {{offset}}', '2026-04-22T02:05:00.000Z', '{"type":"interval","hours":20}', 'active', '[10,0]', '[]', 0, '2026-04-22T21:55:00.000Z', 0, 3);
INSERT OR REPLACE INTO reminders (id, serverId, createdBy, channel, channelId, message, startTime, recurrence, status, notificationOffsets, selectedEmojis, hideNextTime, nextNotificationTime, nextOffsetIndex, "order") VALUES ('Z114FkJbKBJCwTUxPCpx', '1383977063953862847', '1308700414601986118', '#ボスリマインダー', '1426641064105607330', '墓地 2F） スケロ {{offset}}', '2026-02-08T14:07:00.000Z', '{"type":"interval","hours":20}', 'paused', '[10,0]', '[]', 0, '2026-02-09T09:57:00.000Z', 0, NULL);
INSERT OR REPLACE INTO reminders (id, serverId, createdBy, channel, channelId, message, startTime, recurrence, status, notificationOffsets, selectedEmojis, hideNextTime, nextNotificationTime, nextOffsetIndex, "order") VALUES ('aYxaUxFOOP6ABEfJmps7', '1379727445162201131', '1308700414601986118', '#ボスリマインダー', '1425506681290489977', '墓地 3F） リセメン {{offset}}', '2026-04-22T02:06:00.000Z', '{"type":"interval","hours":20}', 'active', '[10,0]', '[]', 0, '2026-04-22T21:56:00.000Z', 0, 4);
INSERT OR REPLACE INTO reminders (id, serverId, createdBy, channel, channelId, message, startTime, recurrence, status, notificationOffsets, selectedEmojis, hideNextTime, nextNotificationTime, nextOffsetIndex, "order") VALUES ('as3JujdPelhg3o1nOv0w', '1383977063953862847', '1308700414601986118', '#らいおん＆ミーティス', '1418236663481766000', '@everyone 競合の戦場', '2025-10-18T09:50:00.000Z', '{"type":"none"}', 'paused', '[10]', '["👏"]', 0, NULL, NULL, NULL);
INSERT OR REPLACE INTO reminders (id, serverId, createdBy, channel, channelId, message, startTime, recurrence, status, notificationOffsets, selectedEmojis, hideNextTime, nextNotificationTime, nextOffsetIndex, "order") VALUES ('c4ITDr7Mocy0epGjE7ZG', '1428387359648514123', '790572324621385758', '#一般', '1428387360697221296', '楽天会議があるらしいよ。', '2026-04-21T05:00:00.000Z', '{"type":"weekly","days":["tuesday"]}', 'active', '[10]', '[]', 0, '2026-04-28T04:50:00.000Z', 0, NULL);
INSERT OR REPLACE INTO reminders (id, serverId, createdBy, channel, channelId, message, startTime, recurrence, status, notificationOffsets, selectedEmojis, hideNextTime, nextNotificationTime, nextOffsetIndex, "order") VALUES ('dBbD1sZkrvYmeaiHaFaK', '1383977063953862847', '1308700414601986118', '#ボスリマインダー', '1426641064105607330', '黎明 2F） アルサ {{offset}}', '2026-02-08T15:02:00.000Z', '{"type":"interval","hours":20}', 'paused', '[10,0]', '[]', 0, '2026-02-09T10:52:00.000Z', 0, NULL);
INSERT OR REPLACE INTO reminders (id, serverId, createdBy, channel, channelId, message, startTime, recurrence, status, notificationOffsets, selectedEmojis, hideNextTime, nextNotificationTime, nextOffsetIndex, "order") VALUES ('frQ5MwhalC0qT1DDIYXN', '1428387359648514123', '1308700414601986118', '#hitコンテンツ告知', '1428391884627251230', 'ボスです！@everyone {{offset}}', '2025-12-06T07:00:00.000Z', '{"type":"interval","hours":20}', 'paused', '[60,10,0]', '["👍"]', NULL, '2025-12-07T02:00:00.000Z', 0, NULL);
INSERT OR REPLACE INTO reminders (id, serverId, createdBy, channel, channelId, message, startTime, recurrence, status, notificationOffsets, selectedEmojis, hideNextTime, nextNotificationTime, nextOffsetIndex, "order") VALUES ('fx8wEbb8zxPCTRzGiSxM', '1383977063953862847', '1308700414601986118', '#ボスリマインダー', '1426641064105607330', 'ヒュドラ (昼) {{offset}}', '2026-02-08T03:30:00.000Z', '{"type":"daily"}', 'paused', '[5,2]', '[]', 0, '2026-02-09T03:25:00.000Z', 0, NULL);
INSERT OR REPLACE INTO reminders (id, serverId, createdBy, channel, channelId, message, startTime, recurrence, status, notificationOffsets, selectedEmojis, hideNextTime, nextNotificationTime, nextOffsetIndex, "order") VALUES ('gdiHlVxirmYTe3t1Uezl', '1428387359648514123', '790572324621385758', '#hitコンテンツ告知', '1428391884627251230', '占領戦があるよ！', '2025-12-03T12:00:00.000Z', '{"type":"weekly","days":["wednesday","saturday"]}', 'paused', '[0]', '[]', 1, '2025-12-06T12:00:00.000Z', 0, NULL);
INSERT OR REPLACE INTO reminders (id, serverId, createdBy, channel, channelId, message, startTime, recurrence, status, notificationOffsets, selectedEmojis, hideNextTime, nextNotificationTime, nextOffsetIndex, "order") VALUES ('iGMPCLFKm1wq37nVNHCA', '1428387359648514123', '1308700414601986118', 'hitコンテンツ告知', '1428391884627251230', '今日の予定
{{all}}', '2026-04-21T23:00:00.000Z', '{"type":"daily"}', 'active', '[0]', '[]', 0, '2026-04-22T23:00:00.000Z', 0, NULL);
INSERT OR REPLACE INTO reminders (id, serverId, createdBy, channel, channelId, message, startTime, recurrence, status, notificationOffsets, selectedEmojis, hideNextTime, nextNotificationTime, nextOffsetIndex, "order") VALUES ('k2eQr1ZqSGXFn6DwXrji', NULL, NULL, '#general', NULL, 'テスト２', '2025-10-06T21:25:00.000Z', '{"type":"none"}', 'active', NULL, NULL, NULL, NULL, NULL, NULL);
INSERT OR REPLACE INTO reminders (id, serverId, createdBy, channel, channelId, message, startTime, recurrence, status, notificationOffsets, selectedEmojis, hideNextTime, nextNotificationTime, nextOffsetIndex, "order") VALUES ('nDpyVbSiYVTIEnKuofNN', '1379727445162201131', '1308700414601986118', '#ボスリマインダー', '1425506681290489977', '黎明 5F） アズラエル {{offset}}', '2026-04-22T02:13:00.000Z', '{"type":"interval","hours":20}', 'active', '[10,0]', '[]', 0, '2026-04-22T22:03:00.000Z', 0, 9);
INSERT OR REPLACE INTO reminders (id, serverId, createdBy, channel, channelId, message, startTime, recurrence, status, notificationOffsets, selectedEmojis, hideNextTime, nextNotificationTime, nextOffsetIndex, "order") VALUES ('njxCrk4NeSvjYIKuVnfn', '1379727445162201131', '1308700414601986118', '#ボスリマインダー', '1425506681290489977', '墓地 4F） ユリア {{offset}}', '2026-04-22T02:07:00.000Z', '{"type":"interval","hours":20}', 'active', '[10,0]', '[]', 0, '2026-04-22T21:57:00.000Z', 0, 5);
INSERT OR REPLACE INTO reminders (id, serverId, createdBy, channel, channelId, message, startTime, recurrence, status, notificationOffsets, selectedEmojis, hideNextTime, nextNotificationTime, nextOffsetIndex, "order") VALUES ('pJkMFtEMhTxqC7bov2N5', '1379727445162201131', '1308700414601986118', '#ボスリマインダー', '1425506681290489977', 'ヒュドラ (夜) {{offset}}', '2026-04-21T11:30:00.000Z', '{"type":"daily"}', 'active', '[5,2]', '[]', 0, '2026-04-22T11:25:00.000Z', 0, 2);
INSERT OR REPLACE INTO reminders (id, serverId, createdBy, channel, channelId, message, startTime, recurrence, status, notificationOffsets, selectedEmojis, hideNextTime, nextNotificationTime, nextOffsetIndex, "order") VALUES ('sYMDsGlIluu0LRpBqwdK', '1383977063953862847', '1308700414601986118', '#ボスリマインダー', '1426641064105607330', '墓地 4F） ユリア {{offset}}', '2026-02-08T14:18:00.000Z', '{"type":"interval","hours":20}', 'paused', '[10,0]', '[]', 0, '2026-02-09T10:08:00.000Z', 0, NULL);
INSERT OR REPLACE INTO reminders (id, serverId, createdBy, channel, channelId, message, startTime, recurrence, status, notificationOffsets, selectedEmojis, hideNextTime, nextNotificationTime, nextOffsetIndex, "order") VALUES ('tABsIsMdzRaUTYS08sTd', '1428387359648514123', '790572324621385758', '#hitコンテンツ告知', '1428391884627251230', 'ギルチャン予選だよ！絶対忘れちゃダメだよ！', '2025-11-15T09:30:00.000Z', '{"type":"none"}', 'paused', '[60,10,0]', '[]', 0, NULL, NULL, NULL);
INSERT OR REPLACE INTO reminders (id, serverId, createdBy, channel, channelId, message, startTime, recurrence, status, notificationOffsets, selectedEmojis, hideNextTime, nextNotificationTime, nextOffsetIndex, "order") VALUES ('uj4dW4cMOXmdNgo2CK8J', '1092091349030948935', '949376403466493982', '#チャンネル１', '1093578635518169140', 'てｓｔ', '2026-04-22T03:38:00.000Z', '{"type":"interval","hours":20}', 'active', NULL, '[]', NULL, '2026-04-22T23:38:00.000Z', 0, NULL);
INSERT OR REPLACE INTO reminders (id, serverId, createdBy, channel, channelId, message, startTime, recurrence, status, notificationOffsets, selectedEmojis, hideNextTime, nextNotificationTime, nextOffsetIndex, "order") VALUES ('xwYg1caXqqUUWYOQo9rv', '1428387359648514123', '790572324621385758', '#hitコンテンツ告知', '1428391884627251230', '昼ヒュドっちです！', '2026-04-22T03:30:00.000Z', '{"type":"daily"}', 'active', '[10]', '[]', 0, '2026-04-23T03:20:00.000Z', 0, NULL);
INSERT OR REPLACE INTO audit_logs (id, user, action, reminderMessage, before, after, serverId, timestamp) VALUES (NULL, '7293_aucuba', '更新', '墓地 2F） スケロ {{offset}}', '{"id":"UWEDRamm16NA3hiWHeB7","recurrence":{"type":"interval","hours":20},"selectedEmojis":[],"hideNextTime":false,"notificationOffsets":[10,0],"createdBy":"1308700414601986118","message":"墓地 2F） スケロ {{offset}}","channel":"#ボスリマインダー","serverId":"1379727445162201131","channelId":"1425506681290489977","order":3,"nextNotificationTime":{"_seconds":1776689760,"_nanoseconds":0},"startTime":"2026-04-19T17:06:00.000Z","nextOffsetIndex":0,"status":"active"}', '{"id":"UWEDRamm16NA3hiWHeB7","recurrence":{"type":"interval","hours":20},"selectedEmojis":[],"hideNextTime":false,"notificationOffsets":[10,0],"createdBy":"1308700414601986118","message":"墓地 2F） スケロ {{offset}}","channel":"#ボスリマインダー","serverId":"1379727445162201131","channelId":"1425506681290489977","order":3,"startTime":"2026-04-19T17:07:00.000Z","nextNotificationTime":{"_seconds":1776689820,"_nanoseconds":0},"nextOffsetIndex":0,"status":"active"}', '1379727445162201131', '2026-04-19T17:07:11.852Z');
INSERT OR REPLACE INTO audit_logs (id, user, action, reminderMessage, before, after, serverId, timestamp) VALUES (NULL, '7293_aucuba', '更新', '墓地 4F） ユリア {{offset}}', '{"id":"njxCrk4NeSvjYIKuVnfn","recurrence":{"type":"interval","hours":20},"selectedEmojis":[],"hideNextTime":false,"notificationOffsets":[10,0],"createdBy":"1308700414601986118","message":"墓地 4F） ユリア {{offset}}","channel":"#ボスリマインダー","serverId":"1379727445162201131","channelId":"1425506681290489977","order":5,"nextNotificationTime":{"_seconds":1776473760,"_nanoseconds":0},"startTime":"2026-04-17T05:06:00.000Z","nextOffsetIndex":0,"status":"active"}', '{"id":"njxCrk4NeSvjYIKuVnfn","recurrence":{"type":"interval","hours":20},"selectedEmojis":[],"hideNextTime":false,"notificationOffsets":[10,0],"createdBy":"1308700414601986118","message":"墓地 4F） ユリア {{offset}}","channel":"#ボスリマインダー","serverId":"1379727445162201131","channelId":"1425506681290489977","order":5,"startTime":"2026-04-17T05:11:00.000Z","nextNotificationTime":{"_seconds":1776474060,"_nanoseconds":0},"nextOffsetIndex":0,"status":"active"}', '1379727445162201131', '2026-04-17T05:11:20.098Z');
INSERT OR REPLACE INTO audit_logs (id, user, action, reminderMessage, before, after, serverId, timestamp) VALUES (NULL, '7293_aucuba', '更新', '黎明 2F） アルサ {{offset}}', '{"id":"JZXrLsoqp8TTmcryMtGO","recurrence":{"type":"interval","hours":20},"selectedEmojis":[],"hideNextTime":false,"notificationOffsets":[10,0],"createdBy":"1308700414601986118","message":"黎明 2F） アルサ {{offset}}","channel":"#ボスリマインダー","serverId":"1379727445162201131","channelId":"1425506681290489977","order":7,"nextOffsetIndex":0,"status":"active","nextNotificationTime":{"_seconds":1776385380,"_nanoseconds":0},"startTime":"2026-04-16T04:33:00.000Z"}', '{"id":"JZXrLsoqp8TTmcryMtGO","recurrence":{"type":"interval","hours":20},"selectedEmojis":[],"hideNextTime":false,"notificationOffsets":[10,0],"createdBy":"1308700414601986118","message":"黎明 2F） アルサ {{offset}}","channel":"#ボスリマインダー","serverId":"1379727445162201131","channelId":"1425506681290489977","order":7,"nextOffsetIndex":0,"status":"active","nextNotificationTime":{"_seconds":1776402120,"_nanoseconds":0},"startTime":"2026-04-16T09:12:00.000Z"}', '1379727445162201131', '2026-04-16T09:12:09.869Z');
INSERT OR REPLACE INTO audit_logs (id, user, action, reminderMessage, before, after, serverId, timestamp) VALUES (NULL, '7293_aucuba', '更新', '啓示 3F） グレゴ {{offset}}', '{"id":"ERp85E7jkLXY03Db4utB","recurrence":{"type":"interval","hours":20},"selectedEmojis":[],"hideNextTime":false,"notificationOffsets":[10,0],"createdBy":"1308700414601986118","message":"啓示 3F） グレゴ {{offset}}","channel":"#ボスリマインダー","serverId":"1379727445162201131","channelId":"1425506681290489977","order":6,"nextNotificationTime":{"_seconds":1776764880,"_nanoseconds":0},"startTime":"2026-04-20T13:58:00.000Z","nextOffsetIndex":0,"status":"active"}', '{"id":"ERp85E7jkLXY03Db4utB","recurrence":{"type":"interval","hours":20},"selectedEmojis":[],"hideNextTime":false,"notificationOffsets":[10,0],"createdBy":"1308700414601986118","message":"啓示 3F） グレゴ {{offset}}","channel":"#ボスリマインダー","serverId":"1379727445162201131","channelId":"1425506681290489977","order":6,"startTime":"2026-04-20T14:00:00.000Z","nextNotificationTime":{"_seconds":1776765000,"_nanoseconds":0},"nextOffsetIndex":0,"status":"active"}', '1379727445162201131', '2026-04-20T14:00:05.966Z');
INSERT OR REPLACE INTO audit_logs (id, user, action, reminderMessage, before, after, serverId, timestamp) VALUES (NULL, '7293_aucuba', '更新', '墓地 2F） スケロ {{offset}}', '{"id":"UWEDRamm16NA3hiWHeB7","recurrence":{"type":"interval","hours":20},"selectedEmojis":[],"hideNextTime":false,"notificationOffsets":[10,0],"createdBy":"1308700414601986118","message":"墓地 2F） スケロ {{offset}}","channel":"#ボスリマインダー","serverId":"1379727445162201131","channelId":"1425506681290489977","order":3,"nextNotificationTime":{"_seconds":1776833820,"_nanoseconds":0},"startTime":"2026-04-21T09:07:00.000Z","nextOffsetIndex":0,"status":"active"}', '{"id":"UWEDRamm16NA3hiWHeB7","recurrence":{"type":"interval","hours":20},"selectedEmojis":[],"hideNextTime":false,"notificationOffsets":[10,0],"createdBy":"1308700414601986118","message":"墓地 2F） スケロ {{offset}}","channel":"#ボスリマインダー","serverId":"1379727445162201131","channelId":"1425506681290489977","order":3,"nextNotificationTime":{"_seconds":1776894900,"_nanoseconds":0},"startTime":"2026-04-22T02:05:00.000Z","nextOffsetIndex":0,"status":"active"}', '1379727445162201131', '2026-04-22T02:05:18.984Z');
INSERT OR REPLACE INTO audit_logs (id, user, action, reminderMessage, before, after, serverId, timestamp) VALUES (NULL, '7293_aucuba', '更新', '啓示 3F） グレゴ {{offset}}', '{"id":"ERp85E7jkLXY03Db4utB","recurrence":{"type":"interval","hours":20},"selectedEmojis":[],"hideNextTime":false,"notificationOffsets":[10,0],"createdBy":"1308700414601986118","message":"啓示 3F） グレゴ {{offset}}","channel":"#ボスリマインダー","serverId":"1379727445162201131","channelId":"1425506681290489977","order":6,"nextNotificationTime":{"_seconds":1776837000,"_nanoseconds":0},"startTime":"2026-04-21T10:00:00.000Z","nextOffsetIndex":0,"status":"active"}', '{"id":"ERp85E7jkLXY03Db4utB","recurrence":{"type":"interval","hours":20},"selectedEmojis":[],"hideNextTime":false,"notificationOffsets":[10,0],"createdBy":"1308700414601986118","message":"啓示 3F） グレゴ {{offset}}","channel":"#ボスリマインダー","serverId":"1379727445162201131","channelId":"1425506681290489977","order":6,"nextOffsetIndex":0,"status":"active","nextNotificationTime":{"_seconds":1776837060,"_nanoseconds":0},"startTime":"2026-04-21T10:01:00.000Z"}', '1379727445162201131', '2026-04-21T10:01:41.758Z');
INSERT OR REPLACE INTO audit_logs (id, user, action, reminderMessage, before, after, serverId, timestamp) VALUES (NULL, '7293_aucuba', '更新', '墓地 4F） ユリア {{offset}}', '{"id":"njxCrk4NeSvjYIKuVnfn","recurrence":{"type":"interval","hours":20},"selectedEmojis":[],"hideNextTime":false,"notificationOffsets":[10,0],"createdBy":"1308700414601986118","message":"墓地 4F） ユリア {{offset}}","channel":"#ボスリマインダー","serverId":"1379727445162201131","channelId":"1425506681290489977","order":5,"nextNotificationTime":{"_seconds":1776834480,"_nanoseconds":0},"startTime":"2026-04-21T09:18:00.000Z","nextOffsetIndex":0,"status":"active"}', '{"id":"njxCrk4NeSvjYIKuVnfn","recurrence":{"type":"interval","hours":20},"selectedEmojis":[],"hideNextTime":false,"notificationOffsets":[10,0],"createdBy":"1308700414601986118","message":"墓地 4F） ユリア {{offset}}","channel":"#ボスリマインダー","serverId":"1379727445162201131","channelId":"1425506681290489977","order":5,"nextOffsetIndex":0,"status":"active","nextNotificationTime":{"_seconds":1776834540,"_nanoseconds":0},"startTime":"2026-04-21T09:19:00.000Z"}', '1379727445162201131', '2026-04-21T09:20:00.395Z');
INSERT OR REPLACE INTO audit_logs (id, user, action, reminderMessage, before, after, serverId, timestamp) VALUES (NULL, '7293_aucuba', '更新', '黎明 5F） アズラエル {{offset}}', '{"id":"nDpyVbSiYVTIEnKuofNN","recurrence":{"type":"interval","hours":20},"selectedEmojis":[],"hideNextTime":false,"notificationOffsets":[10,0],"createdBy":"1308700414601986118","message":"黎明 5F） アズラエル {{offset}}","channel":"#ボスリマインダー","serverId":"1379727445162201131","channelId":"1425506681290489977","order":9,"nextOffsetIndex":0,"status":"active","nextNotificationTime":{"_seconds":1776385140,"_nanoseconds":0},"startTime":"2026-04-16T04:29:00.000Z"}', '{"id":"nDpyVbSiYVTIEnKuofNN","recurrence":{"type":"interval","hours":20},"selectedEmojis":[],"hideNextTime":false,"notificationOffsets":[10,0],"createdBy":"1308700414601986118","message":"黎明 5F） アズラエル {{offset}}","channel":"#ボスリマインダー","serverId":"1379727445162201131","channelId":"1425506681290489977","order":9,"nextOffsetIndex":0,"status":"active","nextNotificationTime":{"_seconds":1776402000,"_nanoseconds":0},"startTime":"2026-04-16T09:10:00.000Z"}', '1379727445162201131', '2026-04-16T09:10:24.283Z');
INSERT OR REPLACE INTO audit_logs (id, user, action, reminderMessage, before, after, serverId, timestamp) VALUES (NULL, '7293_aucuba', '更新', '啓示 3F） グレゴ {{offset}}', '{"id":"ERp85E7jkLXY03Db4utB","recurrence":{"type":"interval","hours":20},"selectedEmojis":[],"hideNextTime":false,"notificationOffsets":[10,0],"createdBy":"1308700414601986118","message":"啓示 3F） グレゴ {{offset}}","channel":"#ボスリマインダー","serverId":"1379727445162201131","channelId":"1425506681290489977","order":6,"nextOffsetIndex":0,"status":"active","nextNotificationTime":{"_seconds":1776253980,"_nanoseconds":0},"startTime":"2026-04-14T16:03:00.000Z"}', '{"id":"ERp85E7jkLXY03Db4utB","recurrence":{"type":"interval","hours":20},"selectedEmojis":[],"hideNextTime":false,"notificationOffsets":[10,0],"createdBy":"1308700414601986118","message":"啓示 3F） グレゴ {{offset}}","channel":"#ボスリマインダー","serverId":"1379727445162201131","channelId":"1425506681290489977","order":6,"nextOffsetIndex":0,"status":"active","nextNotificationTime":{"_seconds":1776312420,"_nanoseconds":0},"startTime":"2026-04-15T08:17:00.000Z"}', '1379727445162201131', '2026-04-15T08:17:22.545Z');
INSERT OR REPLACE INTO audit_logs (id, user, action, reminderMessage, before, after, serverId, timestamp) VALUES (NULL, '7293_aucuba', '更新', '黎明 5F） アズラエル {{offset}}', '{"id":"nDpyVbSiYVTIEnKuofNN","recurrence":{"type":"interval","hours":20},"selectedEmojis":[],"hideNextTime":false,"notificationOffsets":[10,0],"createdBy":"1308700414601986118","message":"黎明 5F） アズラエル {{offset}}","channel":"#ボスリマインダー","serverId":"1379727445162201131","channelId":"1425506681290489977","order":9,"nextNotificationTime":{"_seconds":1776384120,"_nanoseconds":0},"startTime":"2026-04-16T04:12:00.000Z","nextOffsetIndex":0,"status":"active"}', '{"id":"nDpyVbSiYVTIEnKuofNN","recurrence":{"type":"interval","hours":20},"selectedEmojis":[],"hideNextTime":false,"notificationOffsets":[10,0],"createdBy":"1308700414601986118","message":"黎明 5F） アズラエル {{offset}}","channel":"#ボスリマインダー","serverId":"1379727445162201131","channelId":"1425506681290489977","order":9,"startTime":"2026-04-16T04:29:00.000Z","nextNotificationTime":{"_seconds":1776385140,"_nanoseconds":0},"nextOffsetIndex":0,"status":"active"}', '1379727445162201131', '2026-04-16T04:29:12.837Z');
INSERT OR REPLACE INTO audit_logs (id, user, action, reminderMessage, before, after, serverId, timestamp) VALUES (NULL, '7293_aucuba', '更新', '墓地 2F） スケロ {{offset}}', '{"id":"UWEDRamm16NA3hiWHeB7","recurrence":{"type":"interval","hours":20},"selectedEmojis":[],"hideNextTime":false,"notificationOffsets":[10,0],"createdBy":"1308700414601986118","message":"墓地 2F） スケロ {{offset}}","channel":"#ボスリマインダー","serverId":"1379727445162201131","channelId":"1425506681290489977","order":3,"nextNotificationTime":{"_seconds":1776383700,"_nanoseconds":0},"startTime":"2026-04-16T04:05:00.000Z","nextOffsetIndex":0,"status":"active"}', '{"id":"UWEDRamm16NA3hiWHeB7","recurrence":{"type":"interval","hours":20},"selectedEmojis":[],"hideNextTime":false,"notificationOffsets":[10,0],"createdBy":"1308700414601986118","message":"墓地 2F） スケロ {{offset}}","channel":"#ボスリマインダー","serverId":"1379727445162201131","channelId":"1425506681290489977","order":3,"startTime":"2026-04-16T04:06:00.000Z","nextNotificationTime":{"_seconds":1776383760,"_nanoseconds":0},"nextOffsetIndex":0,"status":"active"}', '1379727445162201131', '2026-04-16T04:06:02.993Z');
INSERT OR REPLACE INTO audit_logs (id, user, action, reminderMessage, before, after, serverId, timestamp) VALUES (NULL, '7293_aucuba', '更新', '黎明 2F） アルサ {{offset}}', '{"id":"JZXrLsoqp8TTmcryMtGO","recurrence":{"type":"interval","hours":20},"selectedEmojis":[],"hideNextTime":false,"notificationOffsets":[10,0],"createdBy":"1308700414601986118","message":"黎明 2F） アルサ {{offset}}","channel":"#ボスリマインダー","serverId":"1379727445162201131","channelId":"1425506681290489977","order":7,"nextNotificationTime":{"_seconds":1776619200,"_nanoseconds":0},"startTime":"2026-04-18T21:30:00.000Z","nextOffsetIndex":0,"status":"active"}', '{"id":"JZXrLsoqp8TTmcryMtGO","recurrence":{"type":"interval","hours":20},"selectedEmojis":[],"hideNextTime":false,"notificationOffsets":[10,0],"createdBy":"1308700414601986118","message":"黎明 2F） アルサ {{offset}}","channel":"#ボスリマインダー","serverId":"1379727445162201131","channelId":"1425506681290489977","order":7,"nextOffsetIndex":0,"status":"active","nextNotificationTime":{"_seconds":1776619860,"_nanoseconds":0},"startTime":"2026-04-18T21:41:00.000Z"}', '1379727445162201131', '2026-04-18T21:41:14.290Z');
INSERT OR REPLACE INTO audit_logs (id, user, action, reminderMessage, before, after, serverId, timestamp) VALUES (NULL, '7293_aucuba', '更新', '啓示 5F） ケンタ {{offset}}', '{"id":"BADB8E2svrIYcRF0GYfb","recurrence":{"type":"interval","hours":20},"selectedEmojis":[],"hideNextTime":false,"notificationOffsets":[10,0],"createdBy":"1308700414601986118","message":"啓示 5F） ケンタ {{offset}}","channel":"#ボスリマインダー","serverId":"1379727445162201131","channelId":"1425506681290489977","order":8,"nextNotificationTime":{"_seconds":1776546420,"_nanoseconds":0},"startTime":"2026-04-18T01:17:00.000Z","nextOffsetIndex":0,"status":"active"}', '{"id":"BADB8E2svrIYcRF0GYfb","recurrence":{"type":"interval","hours":20},"selectedEmojis":[],"hideNextTime":false,"notificationOffsets":[10,0],"createdBy":"1308700414601986118","message":"啓示 5F） ケンタ {{offset}}","channel":"#ボスリマインダー","serverId":"1379727445162201131","channelId":"1425506681290489977","order":8,"nextOffsetIndex":0,"status":"active","nextNotificationTime":{"_seconds":1776546540,"_nanoseconds":0},"startTime":"2026-04-18T01:19:00.000Z"}', '1379727445162201131', '2026-04-18T01:19:28.000Z');
INSERT OR REPLACE INTO audit_logs (id, user, action, reminderMessage, before, after, serverId, timestamp) VALUES (NULL, '7293_aucuba', '更新', '黎明 5F） アズラエル {{offset}}', '{"id":"nDpyVbSiYVTIEnKuofNN","recurrence":{"type":"interval","hours":20},"selectedEmojis":[],"hideNextTime":false,"notificationOffsets":[10,0],"createdBy":"1308700414601986118","message":"黎明 5F） アズラエル {{offset}}","channel":"#ボスリマインダー","serverId":"1379727445162201131","channelId":"1425506681290489977","order":9,"nextNotificationTime":{"_seconds":1776764340,"_nanoseconds":0},"startTime":"2026-04-20T13:49:00.000Z","nextOffsetIndex":0,"status":"active"}', '{"id":"nDpyVbSiYVTIEnKuofNN","recurrence":{"type":"interval","hours":20},"selectedEmojis":[],"hideNextTime":false,"notificationOffsets":[10,0],"createdBy":"1308700414601986118","message":"黎明 5F） アズラエル {{offset}}","channel":"#ボスリマインダー","serverId":"1379727445162201131","channelId":"1425506681290489977","order":9,"nextNotificationTime":{"_seconds":1776764580,"_nanoseconds":0},"startTime":"2026-04-20T13:53:00.000Z","nextOffsetIndex":0,"status":"active"}', '1379727445162201131', '2026-04-20T13:53:19.086Z');
INSERT OR REPLACE INTO audit_logs (id, user, action, reminderMessage, before, after, serverId, timestamp) VALUES (NULL, '7293_aucuba', '更新', '墓地 4F） ユリア {{offset}}', '{"id":"njxCrk4NeSvjYIKuVnfn","recurrence":{"type":"interval","hours":20},"selectedEmojis":[],"hideNextTime":false,"notificationOffsets":[10,0],"createdBy":"1308700414601986118","message":"墓地 4F） ユリア {{offset}}","channel":"#ボスリマインダー","serverId":"1379727445162201131","channelId":"1425506681290489977","order":5,"nextOffsetIndex":0,"status":"active","nextNotificationTime":{"_seconds":1776384060,"_nanoseconds":0},"startTime":"2026-04-16T04:11:00.000Z"}', '{"id":"njxCrk4NeSvjYIKuVnfn","recurrence":{"type":"interval","hours":20},"selectedEmojis":[],"hideNextTime":false,"notificationOffsets":[10,0],"createdBy":"1308700414601986118","message":"墓地 4F） ユリア {{offset}}","channel":"#ボスリマインダー","serverId":"1379727445162201131","channelId":"1425506681290489977","order":5,"nextOffsetIndex":0,"status":"active","nextNotificationTime":{"_seconds":1776401760,"_nanoseconds":0},"startTime":"2026-04-16T09:06:00.000Z"}', '1379727445162201131', '2026-04-16T09:06:32.665Z');
INSERT OR REPLACE INTO audit_logs (id, user, action, reminderMessage, before, after, serverId, timestamp) VALUES (NULL, '7293_aucuba', '更新', '墓地 4F） ユリア {{offset}}', '{"id":"njxCrk4NeSvjYIKuVnfn","recurrence":{"type":"interval","hours":20},"selectedEmojis":[],"hideNextTime":false,"notificationOffsets":[10,0],"createdBy":"1308700414601986118","message":"墓地 4F） ユリア {{offset}}","channel":"#ボスリマインダー","serverId":"1379727445162201131","channelId":"1425506681290489977","order":5,"nextOffsetIndex":0,"status":"active","nextNotificationTime":{"_seconds":1776834540,"_nanoseconds":0},"startTime":"2026-04-21T09:19:00.000Z"}', '{"id":"njxCrk4NeSvjYIKuVnfn","recurrence":{"type":"interval","hours":20},"selectedEmojis":[],"hideNextTime":false,"notificationOffsets":[10,0],"createdBy":"1308700414601986118","message":"墓地 4F） ユリア {{offset}}","channel":"#ボスリマインダー","serverId":"1379727445162201131","channelId":"1425506681290489977","order":5,"nextOffsetIndex":0,"status":"active","nextNotificationTime":{"_seconds":1776895020,"_nanoseconds":0},"startTime":"2026-04-22T02:07:00.000Z"}', '1379727445162201131', '2026-04-22T02:07:43.558Z');
INSERT OR REPLACE INTO audit_logs (id, user, action, reminderMessage, before, after, serverId, timestamp) VALUES (NULL, '7293_aucuba', '更新', '啓示 3F） グレゴ {{offset}}', '{"id":"ERp85E7jkLXY03Db4utB","recurrence":{"type":"interval","hours":20},"selectedEmojis":[],"hideNextTime":false,"notificationOffsets":[10,0],"createdBy":"1308700414601986118","message":"啓示 3F） グレゴ {{offset}}","channel":"#ボスリマインダー","serverId":"1379727445162201131","channelId":"1425506681290489977","order":6,"nextOffsetIndex":0,"status":"active","nextNotificationTime":{"_seconds":1776385500,"_nanoseconds":0},"startTime":"2026-04-16T04:35:00.000Z"}', '{"id":"ERp85E7jkLXY03Db4utB","recurrence":{"type":"interval","hours":20},"selectedEmojis":[],"hideNextTime":false,"notificationOffsets":[10,0],"createdBy":"1308700414601986118","message":"啓示 3F） グレゴ {{offset}}","channel":"#ボスリマインダー","serverId":"1379727445162201131","channelId":"1425506681290489977","order":6,"nextOffsetIndex":0,"status":"active","nextNotificationTime":{"_seconds":1776402240,"_nanoseconds":0},"startTime":"2026-04-16T09:14:00.000Z"}', '1379727445162201131', '2026-04-16T09:14:24.384Z');
INSERT OR REPLACE INTO audit_logs (id, user, action, reminderMessage, before, after, serverId, timestamp) VALUES (NULL, '7293_aucuba', '更新', '啓示 3F） グレゴ {{offset}}', '{"id":"ERp85E7jkLXY03Db4utB","recurrence":{"type":"interval","hours":20},"selectedEmojis":[],"hideNextTime":false,"notificationOffsets":[10,0],"createdBy":"1308700414601986118","message":"啓示 3F） グレゴ {{offset}}","channel":"#ボスリマインダー","serverId":"1379727445162201131","channelId":"1425506681290489977","order":6,"nextNotificationTime":{"_seconds":1776474240,"_nanoseconds":0},"startTime":"2026-04-17T05:14:00.000Z","nextOffsetIndex":0,"status":"active"}', '{"id":"ERp85E7jkLXY03Db4utB","recurrence":{"type":"interval","hours":20},"selectedEmojis":[],"hideNextTime":false,"notificationOffsets":[10,0],"createdBy":"1308700414601986118","message":"啓示 3F） グレゴ {{offset}}","channel":"#ボスリマインダー","serverId":"1379727445162201131","channelId":"1425506681290489977","order":6,"nextOffsetIndex":0,"status":"active","nextNotificationTime":{"_seconds":1776475260,"_nanoseconds":0},"startTime":"2026-04-17T05:31:00.000Z"}', '1379727445162201131', '2026-04-17T05:31:31.655Z');
INSERT OR REPLACE INTO audit_logs (id, user, action, reminderMessage, before, after, serverId, timestamp) VALUES (NULL, '7293_aucuba', '更新', '啓示 5F） ケンタ {{offset}}', '{"id":"BADB8E2svrIYcRF0GYfb","recurrence":{"type":"interval","hours":20},"selectedEmojis":[],"hideNextTime":false,"notificationOffsets":[10,0],"createdBy":"1308700414601986118","message":"啓示 5F） ケンタ {{offset}}","channel":"#ボスリマインダー","serverId":"1379727445162201131","channelId":"1425506681290489977","order":8,"nextOffsetIndex":0,"status":"active","nextNotificationTime":{"_seconds":1776384480,"_nanoseconds":0},"startTime":"2026-04-16T04:18:00.000Z"}', '{"id":"BADB8E2svrIYcRF0GYfb","recurrence":{"type":"interval","hours":20},"selectedEmojis":[],"hideNextTime":false,"notificationOffsets":[10,0],"createdBy":"1308700414601986118","message":"啓示 5F） ケンタ {{offset}}","channel":"#ボスリマインダー","serverId":"1379727445162201131","channelId":"1425506681290489977","order":8,"nextOffsetIndex":0,"status":"active","nextNotificationTime":{"_seconds":1776401880,"_nanoseconds":0},"startTime":"2026-04-16T09:08:00.000Z"}', '1379727445162201131', '2026-04-16T09:08:09.033Z');
INSERT OR REPLACE INTO audit_logs (id, user, action, reminderMessage, before, after, serverId, timestamp) VALUES (NULL, '7293_aucuba', '更新', '啓示 5F） ケンタ {{offset}}', '{"id":"BADB8E2svrIYcRF0GYfb","recurrence":{"type":"interval","hours":20},"selectedEmojis":[],"hideNextTime":false,"notificationOffsets":[10,0],"createdBy":"1308700414601986118","message":"啓示 5F） ケンタ {{offset}}","channel":"#ボスリマインダー","serverId":"1379727445162201131","channelId":"1425506681290489977","order":8,"nextNotificationTime":{"_seconds":1776618540,"_nanoseconds":0},"startTime":"2026-04-18T21:19:00.000Z","nextOffsetIndex":0,"status":"active"}', '{"id":"BADB8E2svrIYcRF0GYfb","recurrence":{"type":"interval","hours":20},"selectedEmojis":[],"hideNextTime":false,"notificationOffsets":[10,0],"createdBy":"1308700414601986118","message":"啓示 5F） ケンタ {{offset}}","channel":"#ボスリマインダー","serverId":"1379727445162201131","channelId":"1425506681290489977","order":8,"startTime":"2026-04-18T21:24:00.000Z","nextNotificationTime":{"_seconds":1776618840,"_nanoseconds":0},"nextOffsetIndex":0,"status":"active"}', '1379727445162201131', '2026-04-18T21:24:29.177Z');
INSERT OR REPLACE INTO audit_logs (id, user, action, reminderMessage, before, after, serverId, timestamp) VALUES (NULL, 'imo289', '更新', '墓地 3F） リセメン {{offset}}', '{"id":"aYxaUxFOOP6ABEfJmps7","recurrence":{"type":"interval","hours":20},"selectedEmojis":[],"hideNextTime":false,"createdBy":"1308700414601986118","channel":"#ボスリマインダー","serverId":"1379727445162201131","channelId":"1425506681290489977","order":4,"notificationOffsets":[10,0],"message":"墓地 3F） リセメン {{offset}}","nextNotificationTime":{"_seconds":1776834000,"_nanoseconds":0},"startTime":"2026-04-21T09:10:00.000Z","nextOffsetIndex":0,"status":"active"}', '{"id":"aYxaUxFOOP6ABEfJmps7","recurrence":{"type":"interval","hours":20},"selectedEmojis":[],"hideNextTime":false,"createdBy":"1308700414601986118","channel":"#ボスリマインダー","serverId":"1379727445162201131","channelId":"1425506681290489977","order":4,"notificationOffsets":[10,0],"message":"墓地 3F） リセメン {{offset}}","nextOffsetIndex":0,"status":"active","nextNotificationTime":{"_seconds":1776834000,"_nanoseconds":0},"startTime":"2026-04-21T09:10:00.000Z"}', '1379727445162201131', '2026-04-21T09:10:41.508Z');
INSERT OR REPLACE INTO audit_logs (id, user, action, reminderMessage, before, after, serverId, timestamp) VALUES (NULL, 'imo289', '更新', '墓地 3F） リセメン {{offset}}', '{"id":"aYxaUxFOOP6ABEfJmps7","recurrence":{"type":"interval","hours":20},"selectedEmojis":[],"hideNextTime":false,"createdBy":"1308700414601986118","channel":"#ボスリマインダー","serverId":"1379727445162201131","channelId":"1425506681290489977","order":4,"notificationOffsets":[10,0],"message":"墓地 3F） リセメン {{offset}}","nextNotificationTime":{"_seconds":1776545820,"_nanoseconds":0},"startTime":"2026-04-18T01:07:00.000Z","nextOffsetIndex":0,"status":"active"}', '{"id":"aYxaUxFOOP6ABEfJmps7","recurrence":{"type":"interval","hours":20},"selectedEmojis":[],"hideNextTime":false,"createdBy":"1308700414601986118","channel":"#ボスリマインダー","serverId":"1379727445162201131","channelId":"1425506681290489977","order":4,"notificationOffsets":[10,0],"message":"墓地 3F） リセメン {{offset}}","startTime":"2026-04-18T01:07:00.000Z","nextNotificationTime":{"_seconds":1776545820,"_nanoseconds":0},"nextOffsetIndex":0,"status":"active"}', '1379727445162201131', '2026-04-18T01:07:30.847Z');
INSERT OR REPLACE INTO audit_logs (id, user, action, reminderMessage, before, after, serverId, timestamp) VALUES (NULL, '7293_aucuba', '更新', '墓地 3F） リセメン {{offset}}', '{"id":"aYxaUxFOOP6ABEfJmps7","recurrence":{"type":"interval","hours":20},"selectedEmojis":[],"hideNextTime":false,"createdBy":"1308700414601986118","channel":"#ボスリマインダー","serverId":"1379727445162201131","channelId":"1425506681290489977","order":4,"notificationOffsets":[10,0],"message":"墓地 3F） リセメン {{offset}}","nextOffsetIndex":0,"status":"active","nextNotificationTime":{"_seconds":1776383820,"_nanoseconds":0},"startTime":"2026-04-16T04:07:00.000Z"}', '{"id":"aYxaUxFOOP6ABEfJmps7","recurrence":{"type":"interval","hours":20},"selectedEmojis":[],"hideNextTime":false,"createdBy":"1308700414601986118","channel":"#ボスリマインダー","serverId":"1379727445162201131","channelId":"1425506681290489977","order":4,"notificationOffsets":[10,0],"message":"墓地 3F） リセメン {{offset}}","nextOffsetIndex":0,"status":"active","nextNotificationTime":{"_seconds":1776401700,"_nanoseconds":0},"startTime":"2026-04-16T09:05:00.000Z"}', '1379727445162201131', '2026-04-16T09:05:29.106Z');
INSERT OR REPLACE INTO audit_logs (id, user, action, reminderMessage, before, after, serverId, timestamp) VALUES (NULL, '7293_aucuba', '更新', '墓地 3F） リセメン {{offset}}', '{"id":"aYxaUxFOOP6ABEfJmps7","recurrence":{"type":"interval","hours":20},"selectedEmojis":[],"hideNextTime":false,"createdBy":"1308700414601986118","channel":"#ボスリマインダー","serverId":"1379727445162201131","channelId":"1425506681290489977","order":4,"notificationOffsets":[10,0],"message":"墓地 3F） リセメン {{offset}}","nextNotificationTime":{"_seconds":1776617820,"_nanoseconds":0},"startTime":"2026-04-18T21:07:00.000Z","nextOffsetIndex":0,"status":"active"}', '{"id":"aYxaUxFOOP6ABEfJmps7","recurrence":{"type":"interval","hours":20},"selectedEmojis":[],"hideNextTime":false,"createdBy":"1308700414601986118","channel":"#ボスリマインダー","serverId":"1379727445162201131","channelId":"1425506681290489977","order":4,"notificationOffsets":[10,0],"message":"墓地 3F） リセメン {{offset}}","startTime":"2026-04-18T21:09:00.000Z","nextNotificationTime":{"_seconds":1776617940,"_nanoseconds":0},"nextOffsetIndex":0,"status":"active"}', '1379727445162201131', '2026-04-18T21:09:03.660Z');
INSERT OR REPLACE INTO audit_logs (id, user, action, reminderMessage, before, after, serverId, timestamp) VALUES (NULL, '7293_aucuba', '更新', '黎明 2F） アルサ {{offset}}', '{"id":"JZXrLsoqp8TTmcryMtGO","recurrence":{"type":"interval","hours":20},"selectedEmojis":[],"hideNextTime":false,"notificationOffsets":[10,0],"createdBy":"1308700414601986118","message":"黎明 2F） アルサ {{offset}}","channel":"#ボスリマインダー","serverId":"1379727445162201131","channelId":"1425506681290489977","order":7,"nextOffsetIndex":0,"status":"active","nextNotificationTime":{"_seconds":1776254100,"_nanoseconds":0},"startTime":"2026-04-14T16:05:00.000Z"}', '{"id":"JZXrLsoqp8TTmcryMtGO","recurrence":{"type":"interval","hours":20},"selectedEmojis":[],"hideNextTime":false,"notificationOffsets":[10,0],"createdBy":"1308700414601986118","message":"黎明 2F） アルサ {{offset}}","channel":"#ボスリマインダー","serverId":"1379727445162201131","channelId":"1425506681290489977","order":7,"nextOffsetIndex":0,"status":"active","nextNotificationTime":{"_seconds":1776312240,"_nanoseconds":0},"startTime":"2026-04-15T08:14:00.000Z"}', '1379727445162201131', '2026-04-15T08:14:06.151Z');
INSERT OR REPLACE INTO audit_logs (id, user, action, reminderMessage, before, after, serverId, timestamp) VALUES (NULL, 'imo289', '更新', '墓地 3F） リセメン {{offset}}', '{"id":"aYxaUxFOOP6ABEfJmps7","recurrence":{"type":"interval","hours":20},"selectedEmojis":[],"hideNextTime":false,"createdBy":"1308700414601986118","channel":"#ボスリマインダー","serverId":"1379727445162201131","channelId":"1425506681290489977","order":4,"notificationOffsets":[10,0],"message":"墓地 3F） リセメン {{offset}}","nextOffsetIndex":0,"status":"active","nextNotificationTime":{"_seconds":1776473820,"_nanoseconds":0},"startTime":"2026-04-17T05:07:00.000Z"}', '{"id":"aYxaUxFOOP6ABEfJmps7","recurrence":{"type":"interval","hours":20},"selectedEmojis":[],"hideNextTime":false,"createdBy":"1308700414601986118","channel":"#ボスリマインダー","serverId":"1379727445162201131","channelId":"1425506681290489977","order":4,"notificationOffsets":[10,0],"message":"墓地 3F） リセメン {{offset}}","startTime":"2026-04-17T05:07:00.000Z","nextNotificationTime":{"_seconds":1776473820,"_nanoseconds":0},"nextOffsetIndex":0,"status":"active"}', '1379727445162201131', '2026-04-17T05:07:12.965Z');
INSERT OR REPLACE INTO audit_logs (id, user, action, reminderMessage, before, after, serverId, timestamp) VALUES (NULL, '7293_aucuba', '更新', '啓示 5F） ケンタ {{offset}}', '{"id":"BADB8E2svrIYcRF0GYfb","recurrence":{"type":"interval","hours":20},"selectedEmojis":[],"hideNextTime":false,"notificationOffsets":[10,0],"createdBy":"1308700414601986118","message":"啓示 5F） ケンタ {{offset}}","channel":"#ボスリマインダー","serverId":"1379727445162201131","channelId":"1425506681290489977","order":8,"nextNotificationTime":{"_seconds":1776473880,"_nanoseconds":0},"startTime":"2026-04-17T05:08:00.000Z","nextOffsetIndex":0,"status":"active"}', '{"id":"BADB8E2svrIYcRF0GYfb","recurrence":{"type":"interval","hours":20},"selectedEmojis":[],"hideNextTime":false,"notificationOffsets":[10,0],"createdBy":"1308700414601986118","message":"啓示 5F） ケンタ {{offset}}","channel":"#ボスリマインダー","serverId":"1379727445162201131","channelId":"1425506681290489977","order":8,"startTime":"2026-04-17T05:17:00.000Z","nextNotificationTime":{"_seconds":1776474420,"_nanoseconds":0},"nextOffsetIndex":0,"status":"active"}', '1379727445162201131', '2026-04-17T05:17:55.872Z');
INSERT OR REPLACE INTO audit_logs (id, user, action, reminderMessage, before, after, serverId, timestamp) VALUES (NULL, 'imo289', '更新', '啓示 5F） ケンタ {{offset}}', '{"id":"BADB8E2svrIYcRF0GYfb","recurrence":{"type":"interval","hours":20},"selectedEmojis":[],"hideNextTime":false,"notificationOffsets":[10,0],"createdBy":"1308700414601986118","message":"啓示 5F） ケンタ {{offset}}","channel":"#ボスリマインダー","serverId":"1379727445162201131","channelId":"1425506681290489977","order":8,"nextOffsetIndex":0,"status":"active","nextNotificationTime":{"_seconds":1776474420,"_nanoseconds":0},"startTime":"2026-04-17T05:17:00.000Z"}', '{"id":"BADB8E2svrIYcRF0GYfb","recurrence":{"type":"interval","hours":20},"selectedEmojis":[],"hideNextTime":false,"notificationOffsets":[10,0],"createdBy":"1308700414601986118","message":"啓示 5F） ケンタ {{offset}}","channel":"#ボスリマインダー","serverId":"1379727445162201131","channelId":"1425506681290489977","order":8,"nextNotificationTime":{"_seconds":1776474420,"_nanoseconds":0},"startTime":"2026-04-17T05:17:00.000Z","nextOffsetIndex":0,"status":"active"}', '1379727445162201131', '2026-04-17T05:17:57.615Z');
INSERT OR REPLACE INTO audit_logs (id, user, action, reminderMessage, before, after, serverId, timestamp) VALUES (NULL, '7293_aucuba', '更新', '黎明 5F） アズラエル {{offset}}', '{"id":"nDpyVbSiYVTIEnKuofNN","recurrence":{"type":"interval","hours":20},"selectedEmojis":[],"hideNextTime":false,"notificationOffsets":[10,0],"createdBy":"1308700414601986118","message":"黎明 5F） アズラエル {{offset}}","channel":"#ボスリマインダー","serverId":"1379727445162201131","channelId":"1425506681290489977","order":9,"nextNotificationTime":{"_seconds":1776691620,"_nanoseconds":0},"startTime":"2026-04-19T17:37:00.000Z","nextOffsetIndex":0,"status":"active"}', '{"id":"nDpyVbSiYVTIEnKuofNN","recurrence":{"type":"interval","hours":20},"selectedEmojis":[],"hideNextTime":false,"notificationOffsets":[10,0],"createdBy":"1308700414601986118","message":"黎明 5F） アズラエル {{offset}}","channel":"#ボスリマインダー","serverId":"1379727445162201131","channelId":"1425506681290489977","order":9,"nextNotificationTime":{"_seconds":1776692340,"_nanoseconds":0},"startTime":"2026-04-19T17:49:00.000Z","nextOffsetIndex":0,"status":"active"}', '1379727445162201131', '2026-04-20T12:32:34.733Z');
INSERT OR REPLACE INTO audit_logs (id, user, action, reminderMessage, before, after, serverId, timestamp) VALUES (NULL, '7293_aucuba', '更新', '墓地 3F） リセメン {{offset}}', '{"id":"aYxaUxFOOP6ABEfJmps7","recurrence":{"type":"interval","hours":20},"selectedEmojis":[],"hideNextTime":false,"createdBy":"1308700414601986118","channel":"#ボスリマインダー","serverId":"1379727445162201131","channelId":"1425506681290489977","order":4,"notificationOffsets":[10,0],"message":"墓地 3F） リセメン {{offset}}","nextNotificationTime":{"_seconds":1776689940,"_nanoseconds":0},"startTime":"2026-04-19T17:09:00.000Z","nextOffsetIndex":0,"status":"active"}', '{"id":"aYxaUxFOOP6ABEfJmps7","recurrence":{"type":"interval","hours":20},"selectedEmojis":[],"hideNextTime":false,"createdBy":"1308700414601986118","channel":"#ボスリマインダー","serverId":"1379727445162201131","channelId":"1425506681290489977","order":4,"notificationOffsets":[10,0],"message":"墓地 3F） リセメン {{offset}}","startTime":"2026-04-19T17:09:00.000Z","nextNotificationTime":{"_seconds":1776689940,"_nanoseconds":0},"nextOffsetIndex":0,"status":"active"}', '1379727445162201131', '2026-04-19T17:09:51.573Z');
INSERT OR REPLACE INTO audit_logs (id, user, action, reminderMessage, before, after, serverId, timestamp) VALUES (NULL, 'imo289', '更新', '墓地 3F） リセメン {{offset}}', '{"id":"aYxaUxFOOP6ABEfJmps7","recurrence":{"type":"interval","hours":20},"selectedEmojis":[],"hideNextTime":false,"createdBy":"1308700414601986118","channel":"#ボスリマインダー","serverId":"1379727445162201131","channelId":"1425506681290489977","order":4,"notificationOffsets":[10,0],"message":"墓地 3F） リセメン {{offset}}","nextOffsetIndex":0,"status":"active","nextNotificationTime":{"_seconds":1776473820,"_nanoseconds":0},"startTime":"2026-04-17T05:07:00.000Z"}', '{"id":"aYxaUxFOOP6ABEfJmps7","recurrence":{"type":"interval","hours":20},"selectedEmojis":[],"hideNextTime":false,"createdBy":"1308700414601986118","channel":"#ボスリマインダー","serverId":"1379727445162201131","channelId":"1425506681290489977","order":4,"notificationOffsets":[10,0],"message":"墓地 3F） リセメン {{offset}}","startTime":"2026-04-17T05:07:00.000Z","nextNotificationTime":{"_seconds":1776473820,"_nanoseconds":0},"nextOffsetIndex":0,"status":"active"}', '1379727445162201131', '2026-04-17T05:07:14.711Z');
INSERT OR REPLACE INTO audit_logs (id, user, action, reminderMessage, before, after, serverId, timestamp) VALUES (NULL, '7293_aucuba', '更新', '啓示 3F） グレゴ {{offset}}', '{"id":"ERp85E7jkLXY03Db4utB","recurrence":{"type":"interval","hours":20},"selectedEmojis":[],"hideNextTime":false,"notificationOffsets":[10,0],"createdBy":"1308700414601986118","message":"啓示 3F） グレゴ {{offset}}","channel":"#ボスリマインダー","serverId":"1379727445162201131","channelId":"1425506681290489977","order":6,"nextNotificationTime":{"_seconds":1776619320,"_nanoseconds":0},"startTime":"2026-04-18T21:32:00.000Z","nextOffsetIndex":0,"status":"active"}', '{"id":"ERp85E7jkLXY03Db4utB","recurrence":{"type":"interval","hours":20},"selectedEmojis":[],"hideNextTime":false,"notificationOffsets":[10,0],"createdBy":"1308700414601986118","message":"啓示 3F） グレゴ {{offset}}","channel":"#ボスリマインダー","serverId":"1379727445162201131","channelId":"1425506681290489977","order":6,"nextOffsetIndex":0,"status":"active","nextNotificationTime":{"_seconds":1776619680,"_nanoseconds":0},"startTime":"2026-04-18T21:38:00.000Z"}', '1379727445162201131', '2026-04-18T21:38:18.581Z');
INSERT OR REPLACE INTO audit_logs (id, user, action, reminderMessage, before, after, serverId, timestamp) VALUES (NULL, 'imo289', '更新', '墓地 2F） スケロ {{offset}}', '{"id":"UWEDRamm16NA3hiWHeB7","recurrence":{"type":"interval","hours":20},"selectedEmojis":[],"hideNextTime":false,"notificationOffsets":[10,0],"createdBy":"1308700414601986118","message":"墓地 2F） スケロ {{offset}}","channel":"#ボスリマインダー","serverId":"1379727445162201131","channelId":"1425506681290489977","order":3,"nextNotificationTime":{"_seconds":1776545700,"_nanoseconds":0},"startTime":"2026-04-18T01:05:00.000Z","nextOffsetIndex":0,"status":"active"}', '{"id":"UWEDRamm16NA3hiWHeB7","recurrence":{"type":"interval","hours":20},"selectedEmojis":[],"hideNextTime":false,"notificationOffsets":[10,0],"createdBy":"1308700414601986118","message":"墓地 2F） スケロ {{offset}}","channel":"#ボスリマインダー","serverId":"1379727445162201131","channelId":"1425506681290489977","order":3,"startTime":"2026-04-18T01:05:00.000Z","nextNotificationTime":{"_seconds":1776545700,"_nanoseconds":0},"nextOffsetIndex":0,"status":"active"}', '1379727445162201131', '2026-04-18T01:05:27.211Z');
INSERT OR REPLACE INTO audit_logs (id, user, action, reminderMessage, before, after, serverId, timestamp) VALUES (NULL, '7293_aucuba', '更新', '啓示 3F） グレゴ {{offset}}', '{"id":"ERp85E7jkLXY03Db4utB","recurrence":{"type":"interval","hours":20},"selectedEmojis":[],"hideNextTime":false,"notificationOffsets":[10,0],"createdBy":"1308700414601986118","message":"啓示 3F） グレゴ {{offset}}","channel":"#ボスリマインダー","serverId":"1379727445162201131","channelId":"1425506681290489977","order":6,"nextOffsetIndex":0,"status":"active","nextNotificationTime":{"_seconds":1776837060,"_nanoseconds":0},"startTime":"2026-04-21T10:01:00.000Z"}', '{"id":"ERp85E7jkLXY03Db4utB","recurrence":{"type":"interval","hours":20},"selectedEmojis":[],"hideNextTime":false,"notificationOffsets":[10,0],"createdBy":"1308700414601986118","message":"啓示 3F） グレゴ {{offset}}","channel":"#ボスリマインダー","serverId":"1379727445162201131","channelId":"1425506681290489977","order":6,"nextOffsetIndex":0,"status":"active","nextNotificationTime":{"_seconds":1776895620,"_nanoseconds":0},"startTime":"2026-04-22T02:17:00.000Z"}', '1379727445162201131', '2026-04-22T02:17:06.847Z');
INSERT OR REPLACE INTO audit_logs (id, user, action, reminderMessage, before, after, serverId, timestamp) VALUES (NULL, '7293_aucuba', '更新', '墓地 3F） リセメン {{offset}}', '{"id":"aYxaUxFOOP6ABEfJmps7","recurrence":{"type":"interval","hours":20},"selectedEmojis":[],"hideNextTime":false,"createdBy":"1308700414601986118","channel":"#ボスリマインダー","serverId":"1379727445162201131","channelId":"1425506681290489977","order":4,"notificationOffsets":[10,0],"message":"墓地 3F） リセメン {{offset}}","nextNotificationTime":{"_seconds":1776473700,"_nanoseconds":0},"startTime":"2026-04-17T05:05:00.000Z","nextOffsetIndex":0,"status":"active"}', '{"id":"aYxaUxFOOP6ABEfJmps7","recurrence":{"type":"interval","hours":20},"selectedEmojis":[],"hideNextTime":false,"createdBy":"1308700414601986118","channel":"#ボスリマインダー","serverId":"1379727445162201131","channelId":"1425506681290489977","order":4,"notificationOffsets":[10,0],"message":"墓地 3F） リセメン {{offset}}","startTime":"2026-04-17T05:07:00.000Z","nextNotificationTime":{"_seconds":1776473820,"_nanoseconds":0},"nextOffsetIndex":0,"status":"active"}', '1379727445162201131', '2026-04-17T05:07:11.264Z');
INSERT OR REPLACE INTO audit_logs (id, user, action, reminderMessage, before, after, serverId, timestamp) VALUES (NULL, 'imo289', '更新', '墓地 2F） スケロ {{offset}}', '{"id":"UWEDRamm16NA3hiWHeB7","recurrence":{"type":"interval","hours":20},"selectedEmojis":[],"hideNextTime":false,"notificationOffsets":[10,0],"createdBy":"1308700414601986118","message":"墓地 2F） スケロ {{offset}}","channel":"#ボスリマインダー","serverId":"1379727445162201131","channelId":"1425506681290489977","order":3,"nextOffsetIndex":0,"nextNotificationTime":{"_seconds":1776473640,"_nanoseconds":0},"startTime":"2026-04-17T05:04:00.000Z","status":"active"}', '{"id":"UWEDRamm16NA3hiWHeB7","recurrence":{"type":"interval","hours":20},"selectedEmojis":[],"hideNextTime":false,"notificationOffsets":[10,0],"createdBy":"1308700414601986118","message":"墓地 2F） スケロ {{offset}}","channel":"#ボスリマインダー","serverId":"1379727445162201131","channelId":"1425506681290489977","order":3,"startTime":"2026-04-17T05:05:00.000Z","nextNotificationTime":{"_seconds":1776473700,"_nanoseconds":0},"nextOffsetIndex":0,"status":"active"}', '1379727445162201131', '2026-04-17T05:05:16.203Z');
INSERT OR REPLACE INTO audit_logs (id, user, action, reminderMessage, before, after, serverId, timestamp) VALUES (NULL, '7293_aucuba', '更新', '黎明 2F） アルサ {{offset}}', '{"id":"JZXrLsoqp8TTmcryMtGO","recurrence":{"type":"interval","hours":20},"selectedEmojis":[],"hideNextTime":false,"notificationOffsets":[10,0],"createdBy":"1308700414601986118","message":"黎明 2F） アルサ {{offset}}","channel":"#ボスリマインダー","serverId":"1379727445162201131","channelId":"1425506681290489977","order":7,"nextNotificationTime":{"_seconds":1776764580,"_nanoseconds":0},"startTime":"2026-04-20T13:53:00.000Z","nextOffsetIndex":0,"status":"active"}', '{"id":"JZXrLsoqp8TTmcryMtGO","recurrence":{"type":"interval","hours":20},"selectedEmojis":[],"hideNextTime":false,"notificationOffsets":[10,0],"createdBy":"1308700414601986118","message":"黎明 2F） アルサ {{offset}}","channel":"#ボスリマインダー","serverId":"1379727445162201131","channelId":"1425506681290489977","order":7,"startTime":"2026-04-20T13:55:00.000Z","nextNotificationTime":{"_seconds":1776764700,"_nanoseconds":0},"nextOffsetIndex":0,"status":"active"}', '1379727445162201131', '2026-04-20T13:56:00.184Z');
INSERT OR REPLACE INTO audit_logs (id, user, action, reminderMessage, before, after, serverId, timestamp) VALUES (NULL, '7293_aucuba', '更新', '黎明 2F） アルサ {{offset}}', '{"id":"JZXrLsoqp8TTmcryMtGO","recurrence":{"type":"interval","hours":20},"selectedEmojis":[],"hideNextTime":false,"notificationOffsets":[10,0],"createdBy":"1308700414601986118","message":"黎明 2F） アルサ {{offset}}","channel":"#ボスリマインダー","serverId":"1379727445162201131","channelId":"1425506681290489977","order":7,"nextOffsetIndex":0,"status":"active","nextNotificationTime":{"_seconds":1776836880,"_nanoseconds":0},"startTime":"2026-04-21T09:58:00.000Z"}', '{"id":"JZXrLsoqp8TTmcryMtGO","recurrence":{"type":"interval","hours":20},"selectedEmojis":[],"hideNextTime":false,"notificationOffsets":[10,0],"createdBy":"1308700414601986118","message":"黎明 2F） アルサ {{offset}}","channel":"#ボスリマインダー","serverId":"1379727445162201131","channelId":"1425506681290489977","order":7,"nextOffsetIndex":0,"status":"active","nextNotificationTime":{"_seconds":1776895500,"_nanoseconds":0},"startTime":"2026-04-22T02:15:00.000Z"}', '1379727445162201131', '2026-04-22T02:15:03.744Z');
INSERT OR REPLACE INTO audit_logs (id, user, action, reminderMessage, before, after, serverId, timestamp) VALUES (NULL, '7293_aucuba', '更新', '啓示 3F） グレゴ {{offset}}', '{"id":"ERp85E7jkLXY03Db4utB","recurrence":{"type":"interval","hours":20},"selectedEmojis":[],"hideNextTime":false,"notificationOffsets":[10,0],"createdBy":"1308700414601986118","message":"啓示 3F） グレゴ {{offset}}","channel":"#ボスリマインダー","serverId":"1379727445162201131","channelId":"1425506681290489977","order":6,"nextNotificationTime":{"_seconds":1776547260,"_nanoseconds":0},"startTime":"2026-04-18T01:31:00.000Z","nextOffsetIndex":0,"status":"active"}', '{"id":"ERp85E7jkLXY03Db4utB","recurrence":{"type":"interval","hours":20},"selectedEmojis":[],"hideNextTime":false,"notificationOffsets":[10,0],"createdBy":"1308700414601986118","message":"啓示 3F） グレゴ {{offset}}","channel":"#ボスリマインダー","serverId":"1379727445162201131","channelId":"1425506681290489977","order":6,"nextOffsetIndex":0,"status":"active","nextNotificationTime":{"_seconds":1776547320,"_nanoseconds":0},"startTime":"2026-04-18T01:32:00.000Z"}', '1379727445162201131', '2026-04-18T01:32:38.400Z');
INSERT OR REPLACE INTO audit_logs (id, user, action, reminderMessage, before, after, serverId, timestamp) VALUES (NULL, '7293_aucuba', '更新', '墓地 2F） スケロ {{offset}}', '{"id":"UWEDRamm16NA3hiWHeB7","recurrence":{"type":"interval","hours":20},"selectedEmojis":[],"hideNextTime":false,"notificationOffsets":[10,0],"createdBy":"1308700414601986118","message":"墓地 2F） スケロ {{offset}}","channel":"#ボスリマインダー","serverId":"1379727445162201131","channelId":"1425506681290489977","order":3,"nextOffsetIndex":0,"status":"active","nextNotificationTime":{"_seconds":1776383760,"_nanoseconds":0},"startTime":"2026-04-16T04:06:00.000Z"}', '{"id":"UWEDRamm16NA3hiWHeB7","recurrence":{"type":"interval","hours":20},"selectedEmojis":[],"hideNextTime":false,"notificationOffsets":[10,0],"createdBy":"1308700414601986118","message":"墓地 2F） スケロ {{offset}}","channel":"#ボスリマインダー","serverId":"1379727445162201131","channelId":"1425506681290489977","order":3,"nextOffsetIndex":0,"status":"active","nextNotificationTime":{"_seconds":1776401640,"_nanoseconds":0},"startTime":"2026-04-16T09:04:00.000Z"}', '1379727445162201131', '2026-04-16T09:04:37.402Z');
INSERT OR REPLACE INTO audit_logs (id, user, action, reminderMessage, before, after, serverId, timestamp) VALUES (NULL, '7293_aucuba', '更新', '黎明 2F） アルサ {{offset}}', '{"id":"JZXrLsoqp8TTmcryMtGO","recurrence":{"type":"interval","hours":20},"selectedEmojis":[],"hideNextTime":false,"notificationOffsets":[10,0],"createdBy":"1308700414601986118","message":"黎明 2F） アルサ {{offset}}","channel":"#ボスリマインダー","serverId":"1379727445162201131","channelId":"1425506681290489977","order":7,"nextNotificationTime":{"_seconds":1776384240,"_nanoseconds":0},"startTime":"2026-04-16T04:14:00.000Z","nextOffsetIndex":0,"status":"active"}', '{"id":"JZXrLsoqp8TTmcryMtGO","recurrence":{"type":"interval","hours":20},"selectedEmojis":[],"hideNextTime":false,"notificationOffsets":[10,0],"createdBy":"1308700414601986118","message":"黎明 2F） アルサ {{offset}}","channel":"#ボスリマインダー","serverId":"1379727445162201131","channelId":"1425506681290489977","order":7,"startTime":"2026-04-16T04:33:00.000Z","nextNotificationTime":{"_seconds":1776385380,"_nanoseconds":0},"nextOffsetIndex":0,"status":"active"}', '1379727445162201131', '2026-04-16T04:33:16.232Z');
INSERT OR REPLACE INTO audit_logs (id, user, action, reminderMessage, before, after, serverId, timestamp) VALUES (NULL, '7293_aucuba', '更新', '墓地 3F） リセメン {{offset}}', '{"id":"aYxaUxFOOP6ABEfJmps7","recurrence":{"type":"interval","hours":20},"selectedEmojis":[],"hideNextTime":false,"createdBy":"1308700414601986118","channel":"#ボスリマインダー","serverId":"1379727445162201131","channelId":"1425506681290489977","order":4,"notificationOffsets":[10,0],"message":"墓地 3F） リセメン {{offset}}","nextNotificationTime":{"_seconds":1776834000,"_nanoseconds":0},"startTime":"2026-04-21T09:10:00.000Z","nextOffsetIndex":0,"status":"active"}', '{"id":"aYxaUxFOOP6ABEfJmps7","recurrence":{"type":"interval","hours":20},"selectedEmojis":[],"hideNextTime":false,"createdBy":"1308700414601986118","channel":"#ボスリマインダー","serverId":"1379727445162201131","channelId":"1425506681290489977","order":4,"notificationOffsets":[10,0],"message":"墓地 3F） リセメン {{offset}}","nextNotificationTime":{"_seconds":1776894960,"_nanoseconds":0},"startTime":"2026-04-22T02:06:00.000Z","nextOffsetIndex":0,"status":"active"}', '1379727445162201131', '2026-04-22T02:06:21.319Z');
INSERT OR REPLACE INTO audit_logs (id, user, action, reminderMessage, before, after, serverId, timestamp) VALUES (NULL, 'imo289', '更新', '黎明 5F） アズラエル {{offset}}', '{"id":"nDpyVbSiYVTIEnKuofNN","recurrence":{"type":"interval","hours":20},"selectedEmojis":[],"hideNextTime":false,"notificationOffsets":[10,0],"createdBy":"1308700414601986118","message":"黎明 5F） アズラエル {{offset}}","channel":"#ボスリマインダー","serverId":"1379727445162201131","channelId":"1425506681290489977","order":9,"nextOffsetIndex":0,"status":"active","nextNotificationTime":{"_seconds":1776836760,"_nanoseconds":0},"startTime":"2026-04-21T09:56:00.000Z"}', '{"id":"nDpyVbSiYVTIEnKuofNN","recurrence":{"type":"interval","hours":20},"selectedEmojis":[],"hideNextTime":false,"notificationOffsets":[10,0],"createdBy":"1308700414601986118","message":"黎明 5F） アズラエル {{offset}}","channel":"#ボスリマインダー","serverId":"1379727445162201131","channelId":"1425506681290489977","order":9,"nextOffsetIndex":0,"status":"active","nextNotificationTime":{"_seconds":1776836760,"_nanoseconds":0},"startTime":"2026-04-21T09:56:00.000Z"}', '1379727445162201131', '2026-04-21T09:56:44.301Z');
INSERT OR REPLACE INTO audit_logs (id, user, action, reminderMessage, before, after, serverId, timestamp) VALUES (NULL, '7293_aucuba', '更新', '黎明 2F） アルサ {{offset}}', '{"id":"JZXrLsoqp8TTmcryMtGO","recurrence":{"type":"interval","hours":20},"selectedEmojis":[],"hideNextTime":false,"notificationOffsets":[10,0],"createdBy":"1308700414601986118","message":"黎明 2F） アルサ {{offset}}","channel":"#ボスリマインダー","serverId":"1379727445162201131","channelId":"1425506681290489977","order":7,"nextNotificationTime":{"_seconds":1776836700,"_nanoseconds":0},"startTime":"2026-04-21T09:55:00.000Z","nextOffsetIndex":0,"status":"active"}', '{"id":"JZXrLsoqp8TTmcryMtGO","recurrence":{"type":"interval","hours":20},"selectedEmojis":[],"hideNextTime":false,"notificationOffsets":[10,0],"createdBy":"1308700414601986118","message":"黎明 2F） アルサ {{offset}}","channel":"#ボスリマインダー","serverId":"1379727445162201131","channelId":"1425506681290489977","order":7,"nextOffsetIndex":0,"status":"active","nextNotificationTime":{"_seconds":1776836880,"_nanoseconds":0},"startTime":"2026-04-21T09:58:00.000Z"}', '1379727445162201131', '2026-04-21T09:58:31.944Z');
INSERT OR REPLACE INTO audit_logs (id, user, action, reminderMessage, before, after, serverId, timestamp) VALUES (NULL, '7293_aucuba', '更新', '黎明 5F） アズラエル {{offset}}', '{"id":"nDpyVbSiYVTIEnKuofNN","recurrence":{"type":"interval","hours":20},"selectedEmojis":[],"hideNextTime":false,"notificationOffsets":[10,0],"createdBy":"1308700414601986118","message":"黎明 5F） アズラエル {{offset}}","channel":"#ボスリマインダー","serverId":"1379727445162201131","channelId":"1425506681290489977","order":9,"nextNotificationTime":{"_seconds":1776546900,"_nanoseconds":0},"startTime":"2026-04-18T01:25:00.000Z","nextOffsetIndex":0,"status":"active"}', '{"id":"nDpyVbSiYVTIEnKuofNN","recurrence":{"type":"interval","hours":20},"selectedEmojis":[],"hideNextTime":false,"notificationOffsets":[10,0],"createdBy":"1308700414601986118","message":"黎明 5F） アズラエル {{offset}}","channel":"#ボスリマインダー","serverId":"1379727445162201131","channelId":"1425506681290489977","order":9,"nextOffsetIndex":0,"status":"active","nextNotificationTime":{"_seconds":1776547080,"_nanoseconds":0},"startTime":"2026-04-18T01:28:00.000Z"}', '1379727445162201131', '2026-04-18T01:28:55.992Z');
INSERT OR REPLACE INTO audit_logs (id, user, action, reminderMessage, before, after, serverId, timestamp) VALUES (NULL, '7293_aucuba', '更新', '啓示 5F） ケンタ {{offset}}', '{"id":"BADB8E2svrIYcRF0GYfb","recurrence":{"type":"interval","hours":20},"selectedEmojis":[],"hideNextTime":false,"notificationOffsets":[10,0],"createdBy":"1308700414601986118","message":"啓示 5F） ケンタ {{offset}}","channel":"#ボスリマインダー","serverId":"1379727445162201131","channelId":"1425506681290489977","order":8,"nextNotificationTime":{"_seconds":1776763020,"_nanoseconds":0},"startTime":"2026-04-20T13:27:00.000Z","nextOffsetIndex":0,"status":"active"}', '{"id":"BADB8E2svrIYcRF0GYfb","recurrence":{"type":"interval","hours":20},"selectedEmojis":[],"hideNextTime":false,"notificationOffsets":[10,0],"createdBy":"1308700414601986118","message":"啓示 5F） ケンタ {{offset}}","channel":"#ボスリマインダー","serverId":"1379727445162201131","channelId":"1425506681290489977","order":8,"nextOffsetIndex":0,"status":"active","nextNotificationTime":{"_seconds":1776763140,"_nanoseconds":0},"startTime":"2026-04-20T13:29:00.000Z"}', '1379727445162201131', '2026-04-20T13:29:40.372Z');
INSERT OR REPLACE INTO audit_logs (id, user, action, reminderMessage, before, after, serverId, timestamp) VALUES (NULL, '7293_aucuba', '更新', '墓地 2F） スケロ {{offset}}', '{"id":"UWEDRamm16NA3hiWHeB7","recurrence":{"type":"interval","hours":20},"selectedEmojis":[],"hideNextTime":false,"notificationOffsets":[10,0],"createdBy":"1308700414601986118","message":"墓地 2F） スケロ {{offset}}","channel":"#ボスリマインダー","serverId":"1379727445162201131","channelId":"1425506681290489977","order":3,"nextNotificationTime":{"_seconds":1776617700,"_nanoseconds":0},"startTime":"2026-04-18T21:05:00.000Z","nextOffsetIndex":0,"status":"active"}', '{"id":"UWEDRamm16NA3hiWHeB7","recurrence":{"type":"interval","hours":20},"selectedEmojis":[],"hideNextTime":false,"notificationOffsets":[10,0],"createdBy":"1308700414601986118","message":"墓地 2F） スケロ {{offset}}","channel":"#ボスリマインダー","serverId":"1379727445162201131","channelId":"1425506681290489977","order":3,"startTime":"2026-04-18T21:06:00.000Z","nextNotificationTime":{"_seconds":1776617760,"_nanoseconds":0},"nextOffsetIndex":0,"status":"active"}', '1379727445162201131', '2026-04-18T21:06:13.473Z');
INSERT OR REPLACE INTO audit_logs (id, user, action, reminderMessage, before, after, serverId, timestamp) VALUES (NULL, 'imo289', '更新', '墓地 2F） スケロ {{offset}}', '{"id":"UWEDRamm16NA3hiWHeB7","recurrence":{"type":"interval","hours":20},"selectedEmojis":[],"hideNextTime":false,"notificationOffsets":[10,0],"createdBy":"1308700414601986118","message":"墓地 2F） スケロ {{offset}}","channel":"#ボスリマインダー","serverId":"1379727445162201131","channelId":"1425506681290489977","order":3,"nextNotificationTime":{"_seconds":1776833820,"_nanoseconds":0},"startTime":"2026-04-21T09:07:00.000Z","nextOffsetIndex":0,"status":"active"}', '{"id":"UWEDRamm16NA3hiWHeB7","recurrence":{"type":"interval","hours":20},"selectedEmojis":[],"hideNextTime":false,"notificationOffsets":[10,0],"createdBy":"1308700414601986118","message":"墓地 2F） スケロ {{offset}}","channel":"#ボスリマインダー","serverId":"1379727445162201131","channelId":"1425506681290489977","order":3,"startTime":"2026-04-21T09:07:00.000Z","nextNotificationTime":{"_seconds":1776833820,"_nanoseconds":0},"nextOffsetIndex":0,"status":"active"}', '1379727445162201131', '2026-04-21T09:07:53.561Z');
INSERT OR REPLACE INTO audit_logs (id, user, action, reminderMessage, before, after, serverId, timestamp) VALUES (NULL, '7293_aucuba', '更新', '墓地 2F） スケロ {{offset}}', '{"id":"UWEDRamm16NA3hiWHeB7","recurrence":{"type":"interval","hours":20},"selectedEmojis":[],"hideNextTime":false,"notificationOffsets":[10,0],"createdBy":"1308700414601986118","message":"墓地 2F） スケロ {{offset}}","channel":"#ボスリマインダー","serverId":"1379727445162201131","channelId":"1425506681290489977","order":3,"nextNotificationTime":{"_seconds":1776545700,"_nanoseconds":0},"startTime":"2026-04-18T01:05:00.000Z","nextOffsetIndex":0,"status":"active"}', '{"id":"UWEDRamm16NA3hiWHeB7","recurrence":{"type":"interval","hours":20},"selectedEmojis":[],"hideNextTime":false,"notificationOffsets":[10,0],"createdBy":"1308700414601986118","message":"墓地 2F） スケロ {{offset}}","channel":"#ボスリマインダー","serverId":"1379727445162201131","channelId":"1425506681290489977","order":3,"startTime":"2026-04-18T01:05:00.000Z","nextNotificationTime":{"_seconds":1776545700,"_nanoseconds":0},"nextOffsetIndex":0,"status":"active"}', '1379727445162201131', '2026-04-18T01:05:35.756Z');
INSERT OR REPLACE INTO audit_logs (id, user, action, reminderMessage, before, after, serverId, timestamp) VALUES (NULL, '7293_aucuba', '更新', '黎明 5F） アズラエル {{offset}}', '{"id":"nDpyVbSiYVTIEnKuofNN","recurrence":{"type":"interval","hours":20},"selectedEmojis":[],"hideNextTime":false,"notificationOffsets":[10,0],"createdBy":"1308700414601986118","message":"黎明 5F） アズラエル {{offset}}","channel":"#ボスリマインダー","serverId":"1379727445162201131","channelId":"1425506681290489977","order":9,"nextNotificationTime":{"_seconds":1776836580,"_nanoseconds":0},"startTime":"2026-04-21T09:53:00.000Z","nextOffsetIndex":0,"status":"active"}', '{"id":"nDpyVbSiYVTIEnKuofNN","recurrence":{"type":"interval","hours":20},"selectedEmojis":[],"hideNextTime":false,"notificationOffsets":[10,0],"createdBy":"1308700414601986118","message":"黎明 5F） アズラエル {{offset}}","channel":"#ボスリマインダー","serverId":"1379727445162201131","channelId":"1425506681290489977","order":9,"nextOffsetIndex":0,"status":"active","nextNotificationTime":{"_seconds":1776836760,"_nanoseconds":0},"startTime":"2026-04-21T09:56:00.000Z"}', '1379727445162201131', '2026-04-21T09:56:43.779Z');
INSERT OR REPLACE INTO audit_logs (id, user, action, reminderMessage, before, after, serverId, timestamp) VALUES (NULL, '7293_aucuba', '更新', '啓示 3F） グレゴ {{offset}}', '{"id":"ERp85E7jkLXY03Db4utB","recurrence":{"type":"interval","hours":20},"selectedEmojis":[],"hideNextTime":false,"notificationOffsets":[10,0],"createdBy":"1308700414601986118","message":"啓示 3F） グレゴ {{offset}}","channel":"#ボスリマインダー","serverId":"1379727445162201131","channelId":"1425506681290489977","order":6,"nextNotificationTime":{"_seconds":1776384420,"_nanoseconds":0},"startTime":"2026-04-16T04:17:00.000Z","nextOffsetIndex":0,"status":"active"}', '{"id":"ERp85E7jkLXY03Db4utB","recurrence":{"type":"interval","hours":20},"selectedEmojis":[],"hideNextTime":false,"notificationOffsets":[10,0],"createdBy":"1308700414601986118","message":"啓示 3F） グレゴ {{offset}}","channel":"#ボスリマインダー","serverId":"1379727445162201131","channelId":"1425506681290489977","order":6,"nextOffsetIndex":0,"status":"active","nextNotificationTime":{"_seconds":1776385500,"_nanoseconds":0},"startTime":"2026-04-16T04:35:00.000Z"}', '1379727445162201131', '2026-04-16T04:35:49.057Z');
INSERT OR REPLACE INTO audit_logs (id, user, action, reminderMessage, before, after, serverId, timestamp) VALUES (NULL, '7293_aucuba', '更新', '黎明 5F） アズラエル {{offset}}', '{"id":"nDpyVbSiYVTIEnKuofNN","recurrence":{"type":"interval","hours":20},"selectedEmojis":[],"hideNextTime":false,"notificationOffsets":[10,0],"createdBy":"1308700414601986118","message":"黎明 5F） アズラエル {{offset}}","channel":"#ボスリマインダー","serverId":"1379727445162201131","channelId":"1425506681290489977","order":9,"nextNotificationTime":{"_seconds":1776619080,"_nanoseconds":0},"startTime":"2026-04-18T21:28:00.000Z","nextOffsetIndex":0,"status":"active"}', '{"id":"nDpyVbSiYVTIEnKuofNN","recurrence":{"type":"interval","hours":20},"selectedEmojis":[],"hideNextTime":false,"notificationOffsets":[10,0],"createdBy":"1308700414601986118","message":"黎明 5F） アズラエル {{offset}}","channel":"#ボスリマインダー","serverId":"1379727445162201131","channelId":"1425506681290489977","order":9,"nextOffsetIndex":0,"status":"active","nextNotificationTime":{"_seconds":1776619620,"_nanoseconds":0},"startTime":"2026-04-18T21:37:00.000Z"}', '1379727445162201131', '2026-04-18T21:37:06.881Z');
INSERT OR REPLACE INTO audit_logs (id, user, action, reminderMessage, before, after, serverId, timestamp) VALUES (NULL, '7293_aucuba', '更新', '啓示 3F） グレゴ {{offset}}', '{"id":"ERp85E7jkLXY03Db4utB","recurrence":{"type":"interval","hours":20},"selectedEmojis":[],"hideNextTime":false,"notificationOffsets":[10,0],"createdBy":"1308700414601986118","message":"啓示 3F） グレゴ {{offset}}","channel":"#ボスリマインダー","serverId":"1379727445162201131","channelId":"1425506681290489977","order":6,"nextNotificationTime":{"_seconds":1776691680,"_nanoseconds":0},"startTime":"2026-04-19T17:38:00.000Z","nextOffsetIndex":0,"status":"active"}', '{"id":"ERp85E7jkLXY03Db4utB","recurrence":{"type":"interval","hours":20},"selectedEmojis":[],"hideNextTime":false,"notificationOffsets":[10,0],"createdBy":"1308700414601986118","message":"啓示 3F） グレゴ {{offset}}","channel":"#ボスリマインダー","serverId":"1379727445162201131","channelId":"1425506681290489977","order":6,"nextNotificationTime":{"_seconds":1776692880,"_nanoseconds":0},"startTime":"2026-04-19T17:58:00.000Z","nextOffsetIndex":0,"status":"active"}', '1379727445162201131', '2026-04-20T12:32:59.732Z');
INSERT OR REPLACE INTO audit_logs (id, user, action, reminderMessage, before, after, serverId, timestamp) VALUES (NULL, '7293_aucuba', '更新', '黎明 2F） アルサ {{offset}}', '{"id":"JZXrLsoqp8TTmcryMtGO","recurrence":{"type":"interval","hours":20},"selectedEmojis":[],"hideNextTime":false,"notificationOffsets":[10,0],"createdBy":"1308700414601986118","message":"黎明 2F） アルサ {{offset}}","channel":"#ボスリマインダー","serverId":"1379727445162201131","channelId":"1425506681290489977","order":7,"nextNotificationTime":{"_seconds":1776474120,"_nanoseconds":0},"startTime":"2026-04-17T05:12:00.000Z","nextOffsetIndex":0,"status":"active"}', '{"id":"JZXrLsoqp8TTmcryMtGO","recurrence":{"type":"interval","hours":20},"selectedEmojis":[],"hideNextTime":false,"notificationOffsets":[10,0],"createdBy":"1308700414601986118","message":"黎明 2F） アルサ {{offset}}","channel":"#ボスリマインダー","serverId":"1379727445162201131","channelId":"1425506681290489977","order":7,"nextOffsetIndex":0,"status":"active","nextNotificationTime":{"_seconds":1776475080,"_nanoseconds":0},"startTime":"2026-04-17T05:28:00.000Z"}', '1379727445162201131', '2026-04-17T05:28:55.242Z');
INSERT OR REPLACE INTO audit_logs (id, user, action, reminderMessage, before, after, serverId, timestamp) VALUES (NULL, '7293_aucuba', '更新', '黎明 2F） アルサ {{offset}}', '{"id":"JZXrLsoqp8TTmcryMtGO","recurrence":{"type":"interval","hours":20},"selectedEmojis":[],"hideNextTime":false,"notificationOffsets":[10,0],"createdBy":"1308700414601986118","message":"黎明 2F） アルサ {{offset}}","channel":"#ボスリマインダー","serverId":"1379727445162201131","channelId":"1425506681290489977","order":7,"nextNotificationTime":{"_seconds":1776691860,"_nanoseconds":0},"startTime":"2026-04-19T17:41:00.000Z","nextOffsetIndex":0,"status":"active"}', '{"id":"JZXrLsoqp8TTmcryMtGO","recurrence":{"type":"interval","hours":20},"selectedEmojis":[],"hideNextTime":false,"notificationOffsets":[10,0],"createdBy":"1308700414601986118","message":"黎明 2F） アルサ {{offset}}","channel":"#ボスリマインダー","serverId":"1379727445162201131","channelId":"1425506681290489977","order":7,"nextNotificationTime":{"_seconds":1776692580,"_nanoseconds":0},"startTime":"2026-04-19T17:53:00.000Z","nextOffsetIndex":0,"status":"active"}', '1379727445162201131', '2026-04-20T12:32:49.577Z');
INSERT OR REPLACE INTO audit_logs (id, user, action, reminderMessage, before, after, serverId, timestamp) VALUES (NULL, '7293_aucuba', '更新', '啓示 5F） ケンタ {{offset}}', '{"id":"BADB8E2svrIYcRF0GYfb","recurrence":{"type":"interval","hours":20},"selectedEmojis":[],"hideNextTime":false,"notificationOffsets":[10,0],"createdBy":"1308700414601986118","message":"啓示 5F） ケンタ {{offset}}","channel":"#ボスリマインダー","serverId":"1379727445162201131","channelId":"1425506681290489977","order":8,"nextNotificationTime":{"_seconds":1776690840,"_nanoseconds":0},"startTime":"2026-04-19T17:24:00.000Z","nextOffsetIndex":0,"status":"active"}', '{"id":"BADB8E2svrIYcRF0GYfb","recurrence":{"type":"interval","hours":20},"selectedEmojis":[],"hideNextTime":false,"notificationOffsets":[10,0],"createdBy":"1308700414601986118","message":"啓示 5F） ケンタ {{offset}}","channel":"#ボスリマインダー","serverId":"1379727445162201131","channelId":"1425506681290489977","order":8,"nextNotificationTime":{"_seconds":1776691020,"_nanoseconds":0},"startTime":"2026-04-19T17:27:00.000Z","nextOffsetIndex":0,"status":"active"}', '1379727445162201131', '2026-04-20T12:32:26.558Z');
INSERT OR REPLACE INTO audit_logs (id, user, action, reminderMessage, before, after, serverId, timestamp) VALUES (NULL, '7293_aucuba', '更新', '墓地 2F） スケロ {{offset}}', '{"id":"UWEDRamm16NA3hiWHeB7","recurrence":{"type":"interval","hours":20},"selectedEmojis":[],"hideNextTime":false,"notificationOffsets":[10,0],"createdBy":"1308700414601986118","message":"墓地 2F） スケロ {{offset}}","channel":"#ボスリマインダー","serverId":"1379727445162201131","channelId":"1425506681290489977","order":3,"startTime":"2026-04-19T17:07:00.000Z","nextNotificationTime":{"_seconds":1776690420,"_nanoseconds":0},"nextOffsetIndex":1,"status":"processing"}', '{"id":"UWEDRamm16NA3hiWHeB7","recurrence":{"type":"interval","hours":20},"selectedEmojis":[],"hideNextTime":false,"notificationOffsets":[10,0],"createdBy":"1308700414601986118","message":"墓地 2F） スケロ {{offset}}","channel":"#ボスリマインダー","serverId":"1379727445162201131","channelId":"1425506681290489977","order":3,"startTime":"2026-04-20T13:07:00.000Z","nextNotificationTime":{"_seconds":1776761820,"_nanoseconds":0},"nextOffsetIndex":0,"status":"active"}', '1379727445162201131', '2026-04-20T13:07:25.867Z');
INSERT OR REPLACE INTO audit_logs (id, user, action, reminderMessage, before, after, serverId, timestamp) VALUES (NULL, 'imo289', '更新', '黎明 5F） アズラエル {{offset}}', '{"id":"nDpyVbSiYVTIEnKuofNN","recurrence":{"type":"interval","hours":20},"selectedEmojis":[],"hideNextTime":false,"notificationOffsets":[10,0],"createdBy":"1308700414601986118","message":"黎明 5F） アズラエル {{offset}}","channel":"#ボスリマインダー","serverId":"1379727445162201131","channelId":"1425506681290489977","order":9,"nextOffsetIndex":0,"status":"active","nextNotificationTime":{"_seconds":1776547080,"_nanoseconds":0},"startTime":"2026-04-18T01:28:00.000Z"}', '{"id":"nDpyVbSiYVTIEnKuofNN","recurrence":{"type":"interval","hours":20},"selectedEmojis":[],"hideNextTime":false,"notificationOffsets":[10,0],"createdBy":"1308700414601986118","message":"黎明 5F） アズラエル {{offset}}","channel":"#ボスリマインダー","serverId":"1379727445162201131","channelId":"1425506681290489977","order":9,"startTime":"2026-04-18T01:28:00.000Z","nextNotificationTime":{"_seconds":1776547080,"_nanoseconds":0},"nextOffsetIndex":0,"status":"active"}', '1379727445162201131', '2026-04-18T01:28:57.269Z');
INSERT OR REPLACE INTO audit_logs (id, user, action, reminderMessage, before, after, serverId, timestamp) VALUES (NULL, '7293_aucuba', '更新', '墓地 4F） ユリア {{offset}}', '{"id":"njxCrk4NeSvjYIKuVnfn","recurrence":{"type":"interval","hours":20},"selectedEmojis":[],"hideNextTime":false,"notificationOffsets":[10,0],"createdBy":"1308700414601986118","message":"墓地 4F） ユリア {{offset}}","channel":"#ボスリマインダー","serverId":"1379727445162201131","channelId":"1425506681290489977","order":5,"nextNotificationTime":{"_seconds":1776690360,"_nanoseconds":0},"startTime":"2026-04-19T17:16:00.000Z","nextOffsetIndex":0,"status":"active"}', '{"id":"njxCrk4NeSvjYIKuVnfn","recurrence":{"type":"interval","hours":20},"selectedEmojis":[],"hideNextTime":false,"notificationOffsets":[10,0],"createdBy":"1308700414601986118","message":"墓地 4F） ユリア {{offset}}","channel":"#ボスリマインダー","serverId":"1379727445162201131","channelId":"1425506681290489977","order":5,"nextOffsetIndex":0,"status":"active","nextNotificationTime":{"_seconds":1776690420,"_nanoseconds":0},"startTime":"2026-04-19T17:17:00.000Z"}', '1379727445162201131', '2026-04-19T17:17:48.614Z');
INSERT OR REPLACE INTO audit_logs (id, user, action, reminderMessage, before, after, serverId, timestamp) VALUES (NULL, '7293_aucuba', '更新', '墓地 3F） リセメン {{offset}}', '{"id":"aYxaUxFOOP6ABEfJmps7","recurrence":{"type":"interval","hours":20},"selectedEmojis":[],"hideNextTime":false,"createdBy":"1308700414601986118","channel":"#ボスリマインダー","serverId":"1379727445162201131","channelId":"1425506681290489977","order":4,"notificationOffsets":[10,0],"message":"墓地 3F） リセメン {{offset}}","nextNotificationTime":{"_seconds":1776834000,"_nanoseconds":0},"startTime":"2026-04-21T09:10:00.000Z","nextOffsetIndex":0,"status":"active"}', '{"id":"aYxaUxFOOP6ABEfJmps7","recurrence":{"type":"interval","hours":20},"selectedEmojis":[],"hideNextTime":false,"createdBy":"1308700414601986118","channel":"#ボスリマインダー","serverId":"1379727445162201131","channelId":"1425506681290489977","order":4,"notificationOffsets":[10,0],"message":"墓地 3F） リセメン {{offset}}","startTime":"2026-04-21T09:10:00.000Z","nextNotificationTime":{"_seconds":1776834000,"_nanoseconds":0},"nextOffsetIndex":0,"status":"active"}', '1379727445162201131', '2026-04-21T09:10:41.287Z');
INSERT OR REPLACE INTO audit_logs (id, user, action, reminderMessage, before, after, serverId, timestamp) VALUES (NULL, '7293_aucuba', '更新', '墓地 4F） ユリア {{offset}}', '{"id":"njxCrk4NeSvjYIKuVnfn","recurrence":{"type":"interval","hours":20},"selectedEmojis":[],"hideNextTime":false,"notificationOffsets":[10,0],"createdBy":"1308700414601986118","message":"墓地 4F） ユリア {{offset}}","channel":"#ボスリマインダー","serverId":"1379727445162201131","channelId":"1425506681290489977","order":5,"nextNotificationTime":{"_seconds":1776762420,"_nanoseconds":0},"startTime":"2026-04-20T13:17:00.000Z","nextOffsetIndex":0,"status":"active"}', '{"id":"njxCrk4NeSvjYIKuVnfn","recurrence":{"type":"interval","hours":20},"selectedEmojis":[],"hideNextTime":false,"notificationOffsets":[10,0],"createdBy":"1308700414601986118","message":"墓地 4F） ユリア {{offset}}","channel":"#ボスリマインダー","serverId":"1379727445162201131","channelId":"1425506681290489977","order":5,"nextOffsetIndex":0,"status":"active","nextNotificationTime":{"_seconds":1776762480,"_nanoseconds":0},"startTime":"2026-04-20T13:18:00.000Z"}', '1379727445162201131', '2026-04-20T13:18:43.586Z');
INSERT OR REPLACE INTO audit_logs (id, user, action, reminderMessage, before, after, serverId, timestamp) VALUES (NULL, 'imo289', '更新', '墓地 4F） ユリア {{offset}}', '{"id":"njxCrk4NeSvjYIKuVnfn","recurrence":{"type":"interval","hours":20},"selectedEmojis":[],"hideNextTime":false,"notificationOffsets":[10,0],"createdBy":"1308700414601986118","message":"墓地 4F） ユリア {{offset}}","channel":"#ボスリマインダー","serverId":"1379727445162201131","channelId":"1425506681290489977","order":5,"nextOffsetIndex":0,"status":"active","nextNotificationTime":{"_seconds":1776762480,"_nanoseconds":0},"startTime":"2026-04-20T13:18:00.000Z"}', '{"id":"njxCrk4NeSvjYIKuVnfn","recurrence":{"type":"interval","hours":20},"selectedEmojis":[],"hideNextTime":false,"notificationOffsets":[10,0],"createdBy":"1308700414601986118","message":"墓地 4F） ユリア {{offset}}","channel":"#ボスリマインダー","serverId":"1379727445162201131","channelId":"1425506681290489977","order":5,"startTime":"2026-04-20T13:18:00.000Z","nextNotificationTime":{"_seconds":1776762480,"_nanoseconds":0},"nextOffsetIndex":0,"status":"active"}', '1379727445162201131', '2026-04-20T13:18:50.171Z');
INSERT OR REPLACE INTO audit_logs (id, user, action, reminderMessage, before, after, serverId, timestamp) VALUES (NULL, '7293_aucuba', '更新', '墓地 3F） リセメン {{offset}}', '{"id":"aYxaUxFOOP6ABEfJmps7","recurrence":{"type":"interval","hours":20},"selectedEmojis":[],"hideNextTime":false,"createdBy":"1308700414601986118","channel":"#ボスリマインダー","serverId":"1379727445162201131","channelId":"1425506681290489977","order":4,"notificationOffsets":[10,0],"message":"墓地 3F） リセメン {{offset}}","nextNotificationTime":{"_seconds":1776545820,"_nanoseconds":0},"startTime":"2026-04-18T01:07:00.000Z","nextOffsetIndex":0,"status":"active"}', '{"id":"aYxaUxFOOP6ABEfJmps7","recurrence":{"type":"interval","hours":20},"selectedEmojis":[],"hideNextTime":false,"createdBy":"1308700414601986118","channel":"#ボスリマインダー","serverId":"1379727445162201131","channelId":"1425506681290489977","order":4,"notificationOffsets":[10,0],"message":"墓地 3F） リセメン {{offset}}","startTime":"2026-04-18T01:07:00.000Z","nextNotificationTime":{"_seconds":1776545820,"_nanoseconds":0},"nextOffsetIndex":0,"status":"active"}', '1379727445162201131', '2026-04-18T01:07:31.770Z');
INSERT OR REPLACE INTO audit_logs (id, user, action, reminderMessage, before, after, serverId, timestamp) VALUES (NULL, 'imo289', '更新', '啓示 5F） ケンタ {{offset}}', '{"id":"BADB8E2svrIYcRF0GYfb","recurrence":{"type":"interval","hours":20},"selectedEmojis":[],"hideNextTime":false,"notificationOffsets":[10,0],"createdBy":"1308700414601986118","message":"啓示 5F） ケンタ {{offset}}","channel":"#ボスリマインダー","serverId":"1379727445162201131","channelId":"1425506681290489977","order":8,"nextOffsetIndex":0,"status":"active","nextNotificationTime":{"_seconds":1776763140,"_nanoseconds":0},"startTime":"2026-04-20T13:29:00.000Z"}', '{"id":"BADB8E2svrIYcRF0GYfb","recurrence":{"type":"interval","hours":20},"selectedEmojis":[],"hideNextTime":false,"notificationOffsets":[10,0],"createdBy":"1308700414601986118","message":"啓示 5F） ケンタ {{offset}}","channel":"#ボスリマインダー","serverId":"1379727445162201131","channelId":"1425506681290489977","order":8,"nextOffsetIndex":0,"status":"active","nextNotificationTime":{"_seconds":1776763140,"_nanoseconds":0},"startTime":"2026-04-20T13:29:00.000Z"}', '1379727445162201131', '2026-04-20T13:29:46.278Z');
INSERT OR REPLACE INTO audit_logs (id, user, action, reminderMessage, before, after, serverId, timestamp) VALUES (NULL, '7293_aucuba', '更新', '墓地 3F） リセメン {{offset}}', '{"id":"aYxaUxFOOP6ABEfJmps7","recurrence":{"type":"interval","hours":20},"selectedEmojis":[],"hideNextTime":false,"createdBy":"1308700414601986118","channel":"#ボスリマインダー","serverId":"1379727445162201131","channelId":"1425506681290489977","order":4,"notificationOffsets":[10,0],"message":"墓地 3F） リセメン {{offset}}","nextNotificationTime":{"_seconds":1776383760,"_nanoseconds":0},"startTime":"2026-04-16T04:06:00.000Z","nextOffsetIndex":0,"status":"active"}', '{"id":"aYxaUxFOOP6ABEfJmps7","recurrence":{"type":"interval","hours":20},"selectedEmojis":[],"hideNextTime":false,"createdBy":"1308700414601986118","channel":"#ボスリマインダー","serverId":"1379727445162201131","channelId":"1425506681290489977","order":4,"notificationOffsets":[10,0],"message":"墓地 3F） リセメン {{offset}}","startTime":"2026-04-16T04:07:00.000Z","nextNotificationTime":{"_seconds":1776383820,"_nanoseconds":0},"nextOffsetIndex":0,"status":"active"}', '1379727445162201131', '2026-04-16T04:07:47.520Z');
INSERT OR REPLACE INTO audit_logs (id, user, action, reminderMessage, before, after, serverId, timestamp) VALUES (NULL, '7293_aucuba', '更新', '黎明 5F） アズラエル {{offset}}', '{"id":"nDpyVbSiYVTIEnKuofNN","recurrence":{"type":"interval","hours":20},"selectedEmojis":[],"hideNextTime":false,"notificationOffsets":[10,0],"createdBy":"1308700414601986118","message":"黎明 5F） アズラエル {{offset}}","channel":"#ボスリマインダー","serverId":"1379727445162201131","channelId":"1425506681290489977","order":9,"nextNotificationTime":{"_seconds":1776474000,"_nanoseconds":0},"startTime":"2026-04-17T05:10:00.000Z","nextOffsetIndex":0,"status":"active"}', '{"id":"nDpyVbSiYVTIEnKuofNN","recurrence":{"type":"interval","hours":20},"selectedEmojis":[],"hideNextTime":false,"notificationOffsets":[10,0],"createdBy":"1308700414601986118","message":"黎明 5F） アズラエル {{offset}}","channel":"#ボスリマインダー","serverId":"1379727445162201131","channelId":"1425506681290489977","order":9,"nextOffsetIndex":0,"status":"active","nextNotificationTime":{"_seconds":1776474900,"_nanoseconds":0},"startTime":"2026-04-17T05:25:00.000Z"}', '1379727445162201131', '2026-04-17T05:25:57.626Z');
INSERT OR REPLACE INTO audit_logs (id, user, action, reminderMessage, before, after, serverId, timestamp) VALUES (NULL, '7293_aucuba', '更新', '黎明 5F） アズラエル {{offset}}', '{"id":"nDpyVbSiYVTIEnKuofNN","recurrence":{"type":"interval","hours":20},"selectedEmojis":[],"hideNextTime":false,"notificationOffsets":[10,0],"createdBy":"1308700414601986118","message":"黎明 5F） アズラエル {{offset}}","channel":"#ボスリマインダー","serverId":"1379727445162201131","channelId":"1425506681290489977","order":9,"nextOffsetIndex":0,"status":"active","nextNotificationTime":{"_seconds":1776836760,"_nanoseconds":0},"startTime":"2026-04-21T09:56:00.000Z"}', '{"id":"nDpyVbSiYVTIEnKuofNN","recurrence":{"type":"interval","hours":20},"selectedEmojis":[],"hideNextTime":false,"notificationOffsets":[10,0],"createdBy":"1308700414601986118","message":"黎明 5F） アズラエル {{offset}}","channel":"#ボスリマインダー","serverId":"1379727445162201131","channelId":"1425506681290489977","order":9,"nextOffsetIndex":0,"status":"active","nextNotificationTime":{"_seconds":1776895380,"_nanoseconds":0},"startTime":"2026-04-22T02:13:00.000Z"}', '1379727445162201131', '2026-04-22T02:13:06.844Z');
INSERT OR REPLACE INTO audit_logs (id, user, action, reminderMessage, before, after, serverId, timestamp) VALUES (NULL, '7293_aucuba', '更新', '黎明 2F） アルサ {{offset}}', '{"id":"JZXrLsoqp8TTmcryMtGO","recurrence":{"type":"interval","hours":20},"selectedEmojis":[],"hideNextTime":false,"notificationOffsets":[10,0],"createdBy":"1308700414601986118","message":"黎明 2F） アルサ {{offset}}","channel":"#ボスリマインダー","serverId":"1379727445162201131","channelId":"1425506681290489977","order":7,"nextNotificationTime":{"_seconds":1776547080,"_nanoseconds":0},"startTime":"2026-04-18T01:28:00.000Z","nextOffsetIndex":0,"status":"active"}', '{"id":"JZXrLsoqp8TTmcryMtGO","recurrence":{"type":"interval","hours":20},"selectedEmojis":[],"hideNextTime":false,"notificationOffsets":[10,0],"createdBy":"1308700414601986118","message":"黎明 2F） アルサ {{offset}}","channel":"#ボスリマインダー","serverId":"1379727445162201131","channelId":"1425506681290489977","order":7,"nextOffsetIndex":0,"status":"active","nextNotificationTime":{"_seconds":1776547200,"_nanoseconds":0},"startTime":"2026-04-18T01:30:00.000Z"}', '1379727445162201131', '2026-04-18T01:30:32.314Z');
INSERT OR REPLACE INTO audit_logs (id, user, action, reminderMessage, before, after, serverId, timestamp) VALUES (NULL, '7293_aucuba', '更新', '墓地 2F） スケロ {{offset}}', '{"id":"UWEDRamm16NA3hiWHeB7","recurrence":{"type":"interval","hours":20},"selectedEmojis":[],"hideNextTime":false,"notificationOffsets":[10,0],"createdBy":"1308700414601986118","message":"墓地 2F） スケロ {{offset}}","channel":"#ボスリマインダー","serverId":"1379727445162201131","channelId":"1425506681290489977","order":3,"startTime":"2026-04-16T09:04:00.000Z","nextNotificationTime":{"_seconds":1776402240,"_nanoseconds":0},"nextOffsetIndex":1,"status":"active"}', '{"id":"UWEDRamm16NA3hiWHeB7","recurrence":{"type":"interval","hours":20},"selectedEmojis":[],"hideNextTime":false,"notificationOffsets":[10,0],"createdBy":"1308700414601986118","message":"墓地 2F） スケロ {{offset}}","channel":"#ボスリマインダー","serverId":"1379727445162201131","channelId":"1425506681290489977","order":3,"startTime":"2026-04-17T05:05:00.000Z","nextNotificationTime":{"_seconds":1776473700,"_nanoseconds":0},"nextOffsetIndex":0,"status":"active"}', '1379727445162201131', '2026-04-17T05:05:13.316Z');
INSERT OR REPLACE INTO audit_logs (id, user, action, reminderMessage, before, after, serverId, timestamp) VALUES (NULL, 'imo289', '更新', '黎明 2F） アルサ {{offset}}', '{"id":"JZXrLsoqp8TTmcryMtGO","recurrence":{"type":"interval","hours":20},"selectedEmojis":[],"hideNextTime":false,"notificationOffsets":[10,0],"createdBy":"1308700414601986118","message":"黎明 2F） アルサ {{offset}}","channel":"#ボスリマインダー","serverId":"1379727445162201131","channelId":"1425506681290489977","order":7,"nextOffsetIndex":0,"status":"active","nextNotificationTime":{"_seconds":1776402120,"_nanoseconds":0},"startTime":"2026-04-16T09:12:00.000Z"}', '{"id":"JZXrLsoqp8TTmcryMtGO","recurrence":{"type":"interval","hours":20},"selectedEmojis":[],"hideNextTime":false,"notificationOffsets":[10,0],"createdBy":"1308700414601986118","message":"黎明 2F） アルサ {{offset}}","channel":"#ボスリマインダー","serverId":"1379727445162201131","channelId":"1425506681290489977","order":7,"nextOffsetIndex":0,"status":"active","nextNotificationTime":{"_seconds":1776402120,"_nanoseconds":0},"startTime":"2026-04-16T09:12:00.000Z"}', '1379727445162201131', '2026-04-16T09:12:10.593Z');
INSERT OR REPLACE INTO audit_logs (id, user, action, reminderMessage, before, after, serverId, timestamp) VALUES (NULL, 'imo289', '更新', '墓地 4F） ユリア {{offset}}', '{"id":"njxCrk4NeSvjYIKuVnfn","recurrence":{"type":"interval","hours":20},"selectedEmojis":[],"hideNextTime":false,"notificationOffsets":[10,0],"createdBy":"1308700414601986118","message":"墓地 4F） ユリア {{offset}}","channel":"#ボスリマインダー","serverId":"1379727445162201131","channelId":"1425506681290489977","order":5,"nextOffsetIndex":0,"status":"active","nextNotificationTime":{"_seconds":1776546120,"_nanoseconds":0},"startTime":"2026-04-18T01:12:00.000Z"}', '{"id":"njxCrk4NeSvjYIKuVnfn","recurrence":{"type":"interval","hours":20},"selectedEmojis":[],"hideNextTime":false,"notificationOffsets":[10,0],"createdBy":"1308700414601986118","message":"墓地 4F） ユリア {{offset}}","channel":"#ボスリマインダー","serverId":"1379727445162201131","channelId":"1425506681290489977","order":5,"startTime":"2026-04-18T01:12:00.000Z","nextNotificationTime":{"_seconds":1776546120,"_nanoseconds":0},"nextOffsetIndex":0,"status":"active"}', '1379727445162201131', '2026-04-18T01:12:20.021Z');
INSERT OR REPLACE INTO audit_logs (id, user, action, reminderMessage, before, after, serverId, timestamp) VALUES (NULL, '7293_aucuba', '更新', '墓地 2F） スケロ {{offset}}', '{"id":"UWEDRamm16NA3hiWHeB7","recurrence":{"type":"interval","hours":20},"selectedEmojis":[],"hideNextTime":false,"notificationOffsets":[10,0],"createdBy":"1308700414601986118","message":"墓地 2F） スケロ {{offset}}","channel":"#ボスリマインダー","serverId":"1379727445162201131","channelId":"1425506681290489977","order":3,"nextNotificationTime":{"_seconds":1776833820,"_nanoseconds":0},"startTime":"2026-04-21T09:07:00.000Z","nextOffsetIndex":0,"status":"active"}', '{"id":"UWEDRamm16NA3hiWHeB7","recurrence":{"type":"interval","hours":20},"selectedEmojis":[],"hideNextTime":false,"notificationOffsets":[10,0],"createdBy":"1308700414601986118","message":"墓地 2F） スケロ {{offset}}","channel":"#ボスリマインダー","serverId":"1379727445162201131","channelId":"1425506681290489977","order":3,"startTime":"2026-04-21T09:07:00.000Z","nextNotificationTime":{"_seconds":1776833820,"_nanoseconds":0},"nextOffsetIndex":0,"status":"active"}', '1379727445162201131', '2026-04-21T09:07:51.376Z');
INSERT OR REPLACE INTO audit_logs (id, user, action, reminderMessage, before, after, serverId, timestamp) VALUES (NULL, '7293_aucuba', '更新', '墓地 4F） ユリア {{offset}}', '{"id":"njxCrk4NeSvjYIKuVnfn","recurrence":{"type":"interval","hours":20},"selectedEmojis":[],"hideNextTime":false,"notificationOffsets":[10,0],"createdBy":"1308700414601986118","message":"墓地 4F） ユリア {{offset}}","channel":"#ボスリマインダー","serverId":"1379727445162201131","channelId":"1425506681290489977","order":5,"nextNotificationTime":{"_seconds":1776618120,"_nanoseconds":0},"startTime":"2026-04-18T21:12:00.000Z","nextOffsetIndex":0,"status":"active"}', '{"id":"njxCrk4NeSvjYIKuVnfn","recurrence":{"type":"interval","hours":20},"selectedEmojis":[],"hideNextTime":false,"notificationOffsets":[10,0],"createdBy":"1308700414601986118","message":"墓地 4F） ユリア {{offset}}","channel":"#ボスリマインダー","serverId":"1379727445162201131","channelId":"1425506681290489977","order":5,"nextNotificationTime":{"_seconds":1776618360,"_nanoseconds":0},"startTime":"2026-04-18T21:16:00.000Z","nextOffsetIndex":0,"status":"active"}', '1379727445162201131', '2026-04-18T21:16:27.804Z');
INSERT OR REPLACE INTO audit_logs (id, user, action, reminderMessage, before, after, serverId, timestamp) VALUES (NULL, '7293_aucuba', '更新', '啓示 5F） ケンタ {{offset}}', '{"id":"BADB8E2svrIYcRF0GYfb","recurrence":{"type":"interval","hours":20},"selectedEmojis":[],"hideNextTime":false,"notificationOffsets":[10,0],"createdBy":"1308700414601986118","message":"啓示 5F） ケンタ {{offset}}","channel":"#ボスリマインダー","serverId":"1379727445162201131","channelId":"1425506681290489977","order":8,"nextNotificationTime":{"_seconds":1776383940,"_nanoseconds":0},"startTime":"2026-04-16T04:09:00.000Z","nextOffsetIndex":0,"status":"active"}', '{"id":"BADB8E2svrIYcRF0GYfb","recurrence":{"type":"interval","hours":20},"selectedEmojis":[],"hideNextTime":false,"notificationOffsets":[10,0],"createdBy":"1308700414601986118","message":"啓示 5F） ケンタ {{offset}}","channel":"#ボスリマインダー","serverId":"1379727445162201131","channelId":"1425506681290489977","order":8,"startTime":"2026-04-16T04:18:00.000Z","nextNotificationTime":{"_seconds":1776384480,"_nanoseconds":0},"nextOffsetIndex":0,"status":"active"}', '1379727445162201131', '2026-04-16T04:18:28.346Z');
INSERT OR REPLACE INTO audit_logs (id, user, action, reminderMessage, before, after, serverId, timestamp) VALUES (NULL, '7293_aucuba', '更新', '墓地 4F） ユリア {{offset}}', '{"id":"njxCrk4NeSvjYIKuVnfn","recurrence":{"type":"interval","hours":20},"selectedEmojis":[],"hideNextTime":false,"notificationOffsets":[10,0],"createdBy":"1308700414601986118","message":"墓地 4F） ユリア {{offset}}","channel":"#ボスリマインダー","serverId":"1379727445162201131","channelId":"1425506681290489977","order":5,"nextNotificationTime":{"_seconds":1776383820,"_nanoseconds":0},"startTime":"2026-04-16T04:07:00.000Z","nextOffsetIndex":0,"status":"active"}', '{"id":"njxCrk4NeSvjYIKuVnfn","recurrence":{"type":"interval","hours":20},"selectedEmojis":[],"hideNextTime":false,"notificationOffsets":[10,0],"createdBy":"1308700414601986118","message":"墓地 4F） ユリア {{offset}}","channel":"#ボスリマインダー","serverId":"1379727445162201131","channelId":"1425506681290489977","order":5,"startTime":"2026-04-16T04:11:00.000Z","nextNotificationTime":{"_seconds":1776384060,"_nanoseconds":0},"nextOffsetIndex":0,"status":"active"}', '1379727445162201131', '2026-04-16T04:11:38.394Z');
INSERT OR REPLACE INTO audit_logs (id, user, action, reminderMessage, before, after, serverId, timestamp) VALUES (NULL, '7293_aucuba', '更新', '啓示 5F） ケンタ {{offset}}', '{"id":"BADB8E2svrIYcRF0GYfb","recurrence":{"type":"interval","hours":20},"selectedEmojis":[],"hideNextTime":false,"notificationOffsets":[10,0],"createdBy":"1308700414601986118","message":"啓示 5F） ケンタ {{offset}}","channel":"#ボスリマインダー","serverId":"1379727445162201131","channelId":"1425506681290489977","order":8,"nextNotificationTime":{"_seconds":1776835140,"_nanoseconds":0},"startTime":"2026-04-21T09:29:00.000Z","nextOffsetIndex":0,"status":"active"}', '{"id":"BADB8E2svrIYcRF0GYfb","recurrence":{"type":"interval","hours":20},"selectedEmojis":[],"hideNextTime":false,"notificationOffsets":[10,0],"createdBy":"1308700414601986118","message":"啓示 5F） ケンタ {{offset}}","channel":"#ボスリマインダー","serverId":"1379727445162201131","channelId":"1425506681290489977","order":8,"nextOffsetIndex":0,"status":"active","nextNotificationTime":{"_seconds":1776835260,"_nanoseconds":0},"startTime":"2026-04-21T09:31:00.000Z"}', '1379727445162201131', '2026-04-21T09:31:18.463Z');
INSERT OR REPLACE INTO audit_logs (id, user, action, reminderMessage, before, after, serverId, timestamp) VALUES (NULL, '7293_aucuba', '更新', '墓地 3F） リセメン {{offset}}', '{"id":"aYxaUxFOOP6ABEfJmps7","recurrence":{"type":"interval","hours":20},"selectedEmojis":[],"hideNextTime":false,"createdBy":"1308700414601986118","channel":"#ボスリマインダー","serverId":"1379727445162201131","channelId":"1425506681290489977","order":4,"notificationOffsets":[10,0],"message":"墓地 3F） リセメン {{offset}}","nextNotificationTime":{"_seconds":1776761940,"_nanoseconds":0},"startTime":"2026-04-20T13:09:00.000Z","nextOffsetIndex":0,"status":"active"}', '{"id":"aYxaUxFOOP6ABEfJmps7","recurrence":{"type":"interval","hours":20},"selectedEmojis":[],"hideNextTime":false,"createdBy":"1308700414601986118","channel":"#ボスリマインダー","serverId":"1379727445162201131","channelId":"1425506681290489977","order":4,"notificationOffsets":[10,0],"message":"墓地 3F） リセメン {{offset}}","startTime":"2026-04-20T13:10:00.000Z","nextNotificationTime":{"_seconds":1776762000,"_nanoseconds":0},"nextOffsetIndex":0,"status":"active"}', '1379727445162201131', '2026-04-20T13:10:22.875Z');
INSERT OR REPLACE INTO audit_logs (id, user, action, reminderMessage, before, after, serverId, timestamp) VALUES (NULL, '7293_aucuba', '更新', '墓地 4F） ユリア {{offset}}', '{"id":"njxCrk4NeSvjYIKuVnfn","recurrence":{"type":"interval","hours":20},"selectedEmojis":[],"hideNextTime":false,"notificationOffsets":[10,0],"createdBy":"1308700414601986118","message":"墓地 4F） ユリア {{offset}}","channel":"#ボスリマインダー","serverId":"1379727445162201131","channelId":"1425506681290489977","order":5,"nextNotificationTime":{"_seconds":1776546060,"_nanoseconds":0},"startTime":"2026-04-18T01:11:00.000Z","nextOffsetIndex":0,"status":"active"}', '{"id":"njxCrk4NeSvjYIKuVnfn","recurrence":{"type":"interval","hours":20},"selectedEmojis":[],"hideNextTime":false,"notificationOffsets":[10,0],"createdBy":"1308700414601986118","message":"墓地 4F） ユリア {{offset}}","channel":"#ボスリマインダー","serverId":"1379727445162201131","channelId":"1425506681290489977","order":5,"startTime":"2026-04-18T01:12:00.000Z","nextNotificationTime":{"_seconds":1776546120,"_nanoseconds":0},"nextOffsetIndex":0,"status":"active"}', '1379727445162201131', '2026-04-18T01:12:12.995Z');
INSERT OR REPLACE INTO audit_logs (id, user, action, reminderMessage, before, after, serverId, timestamp) VALUES (NULL, 'imo289', '更新', '墓地 2F） スケロ {{offset}}', '{"id":"UWEDRamm16NA3hiWHeB7","recurrence":{"type":"interval","hours":20},"selectedEmojis":[],"hideNextTime":false,"notificationOffsets":[10,0],"createdBy":"1308700414601986118","message":"墓地 2F） スケロ {{offset}}","channel":"#ボスリマインダー","serverId":"1379727445162201131","channelId":"1425506681290489977","order":3,"nextOffsetIndex":0,"status":"active","nextNotificationTime":{"_seconds":1776473700,"_nanoseconds":0},"startTime":"2026-04-17T05:05:00.000Z"}', '{"id":"UWEDRamm16NA3hiWHeB7","recurrence":{"type":"interval","hours":20},"selectedEmojis":[],"hideNextTime":false,"notificationOffsets":[10,0],"createdBy":"1308700414601986118","message":"墓地 2F） スケロ {{offset}}","channel":"#ボスリマインダー","serverId":"1379727445162201131","channelId":"1425506681290489977","order":3,"startTime":"2026-04-17T05:05:00.000Z","nextNotificationTime":{"_seconds":1776473700,"_nanoseconds":0},"nextOffsetIndex":0,"status":"active"}', '1379727445162201131', '2026-04-17T05:05:17.507Z');
INSERT OR REPLACE INTO audit_logs (id, user, action, reminderMessage, before, after, serverId, timestamp) VALUES (NULL, '7293_aucuba', '更新', '啓示 5F） ケンタ {{offset}}', '{"id":"BADB8E2svrIYcRF0GYfb","recurrence":{"type":"interval","hours":20},"selectedEmojis":[],"hideNextTime":false,"notificationOffsets":[10,0],"createdBy":"1308700414601986118","message":"啓示 5F） ケンタ {{offset}}","channel":"#ボスリマインダー","serverId":"1379727445162201131","channelId":"1425506681290489977","order":8,"nextOffsetIndex":0,"status":"active","nextNotificationTime":{"_seconds":1776835260,"_nanoseconds":0},"startTime":"2026-04-21T09:31:00.000Z"}', '{"id":"BADB8E2svrIYcRF0GYfb","recurrence":{"type":"interval","hours":20},"selectedEmojis":[],"hideNextTime":false,"notificationOffsets":[10,0],"createdBy":"1308700414601986118","message":"啓示 5F） ケンタ {{offset}}","channel":"#ボスリマインダー","serverId":"1379727445162201131","channelId":"1425506681290489977","order":8,"nextOffsetIndex":0,"status":"active","nextNotificationTime":{"_seconds":1776895200,"_nanoseconds":0},"startTime":"2026-04-22T02:10:00.000Z"}', '1379727445162201131', '2026-04-22T02:10:01.805Z');
INSERT OR REPLACE INTO missed_notifications (id, serverId, reminderMessage, missedAt, channelName, acknowledged) VALUES (NULL, '1348358483338068100', '[復元] 編集！', '2025-10-07T12:45:00.000Z', '#テスト', 1);
INSERT OR REPLACE INTO missed_notifications (id, serverId, reminderMessage, missedAt, channelName, acknowledged) VALUES (NULL, '1374442895204945940', 'そろそろボスです！！', '2025-10-12T13:20:00.000Z', '#ボスリマインダー', 1);
INSERT OR REPLACE INTO missed_notifications (id, serverId, reminderMessage, missedAt, channelName, acknowledged) VALUES (NULL, '1379727445162201131', 'ボス時刻ですよ！', '2025-10-16T00:00:00.000Z', '#ボスリマインダー', 1);
INSERT OR REPLACE INTO missed_notifications (id, serverId, reminderMessage, missedAt, channelName, acknowledged) VALUES (NULL, '1383977063953862847', 'ボスの準備をしてください～', '2025-10-16T00:00:00.000Z', '#ボスリマインダー', 1);
INSERT OR REPLACE INTO missed_notifications (id, serverId, reminderMessage, missedAt, channelName, acknowledged) VALUES (NULL, '1374442895204945940', 'そろそろボスです！！', '2025-10-13T08:20:00.000Z', '#ボスリマインダー', 1);
INSERT OR REPLACE INTO missed_notifications (id, serverId, reminderMessage, missedAt, channelName, acknowledged) VALUES (NULL, '1383977063953862847', 'ボスの準備をしてください～', '2025-10-14T06:40:00.000Z', '#ボスリマインダー', 1);
INSERT OR REPLACE INTO missed_notifications (id, serverId, reminderMessage, missedAt, channelName, acknowledged) VALUES (NULL, '1374442895204945940', 'そろそろボスです！！', '2025-10-15T20:00:00.000Z', '#ボスリマインダー', 1);
INSERT OR REPLACE INTO missed_notifications (id, serverId, reminderMessage, missedAt, channelName, acknowledged) VALUES (NULL, '1379727445162201131', 'ボス時刻ですよ！', '2025-10-12T13:20:00.000Z', '#ボスリマインダー', 1);
INSERT OR REPLACE INTO missed_notifications (id, serverId, reminderMessage, missedAt, channelName, acknowledged) VALUES (NULL, '1348358483338068100', '[復元] 編集！', '2025-10-07T12:33:00.000Z', '#テスト', 1);
INSERT OR REPLACE INTO missed_notifications (id, serverId, reminderMessage, missedAt, channelName, acknowledged) VALUES (NULL, '1348358483338068100', '[復元] 編集！', '2025-10-07T12:40:00.000Z', '#テスト', 1);
INSERT OR REPLACE INTO missed_notifications (id, serverId, reminderMessage, missedAt, channelName, acknowledged) VALUES (NULL, '1383977063953862847', 'ボスの準備をしてください～', '2025-10-13T10:40:00.000Z', '#ボスリマインダー', 1);
INSERT OR REPLACE INTO missed_notifications (id, serverId, reminderMessage, missedAt, channelName, acknowledged) VALUES (NULL, '1379727445162201131', 'ボス時刻ですよ！', '2025-10-14T05:20:00.000Z', '#ボスリマインダー', 1);
INSERT OR REPLACE INTO missed_notifications (id, serverId, reminderMessage, missedAt, channelName, acknowledged) VALUES (NULL, '1379727445162201131', 'ボス時刻ですよ！', '2025-10-13T09:20:00.000Z', '#ボスリマインダー', 1);
INSERT OR REPLACE INTO missed_notifications (id, serverId, reminderMessage, missedAt, channelName, acknowledged) VALUES (NULL, '1383977063953862847', 'ボスの準備をしてください～', '2025-10-15T02:40:00.000Z', '#ボスリマインダー', 1);
INSERT OR REPLACE INTO missed_notifications (id, serverId, reminderMessage, missedAt, channelName, acknowledged) VALUES (NULL, '1379727445162201131', 'ボス時刻ですよ！', '2025-10-15T01:20:00.000Z', '#ボスリマインダー', 1);
INSERT OR REPLACE INTO missed_notifications (id, serverId, reminderMessage, missedAt, channelName, acknowledged) VALUES (NULL, '1379727445162201131', 'ボス時刻ですよ！', '2025-10-15T01:20:00.000Z', '#ボスリマインダー', 1);
INSERT OR REPLACE INTO missed_notifications (id, serverId, reminderMessage, missedAt, channelName, acknowledged) VALUES (NULL, '1374442895204945940', 'そろそろボスです！！', '2025-10-15T00:20:00.000Z', '#ボスリマインダー', 1);
INSERT OR REPLACE INTO missed_notifications (id, serverId, reminderMessage, missedAt, channelName, acknowledged) VALUES (NULL, '1374442895204945940', 'そろそろボスです！！', '2025-10-14T04:20:00.000Z', '#ボスリマインダー', 1);
INSERT OR REPLACE INTO missed_notifications (id, serverId, reminderMessage, missedAt, channelName, acknowledged) VALUES (NULL, '1348358483338068100', '[復元] 編集！', '2025-10-07T12:49:00.000Z', '#テスト', 1);
INSERT OR REPLACE INTO missed_notifications (id, serverId, reminderMessage, missedAt, channelName, acknowledged) VALUES (NULL, '1383977063953862847', 'ボスの準備をしてください～', '2025-10-12T14:40:00.000Z', '#ボスリマインダー', 1);
INSERT OR REPLACE INTO missed_notifications (id, serverId, reminderMessage, missedAt, channelName, acknowledged) VALUES (NULL, '1379727445162201131', 'ボス時刻ですよ！', '2025-10-09T05:20:00.000Z', '#ボスリマインダー', 1);
INSERT OR REPLACE INTO missed_notifications (id, serverId, reminderMessage, missedAt, channelName, acknowledged) VALUES (NULL, '1374442895204945940', 'そろそろボスです！！', '2025-10-10T21:20:00.000Z', '#開発談', 1);
INSERT OR REPLACE INTO missed_notifications (id, serverId, reminderMessage, missedAt, channelName, acknowledged) VALUES (NULL, '1383977063953862847', 'ボスの準備をしてください～', '2025-10-15T02:40:00.000Z', '#ボスリマインダー', 1);
INSERT OR REPLACE INTO missed_notifications (id, serverId, reminderMessage, missedAt, channelName, acknowledged) VALUES (NULL, '1379727445162201131', 'ボス時刻ですよ！', '2025-10-09T05:20:00.000Z', '#ボスリマインダー', 1);
INSERT OR REPLACE INTO missed_notifications (id, serverId, reminderMessage, missedAt, channelName, acknowledged) VALUES (NULL, '1383977063953862847', 'ボスの準備をしてください～', '2025-10-10T21:00:00.000Z', '#hu3向け雑談', 1);
INSERT OR REPLACE INTO missed_notifications (id, serverId, reminderMessage, missedAt, channelName, acknowledged) VALUES (NULL, '1379727445162201131', 'ボス時刻ですよ！', '2025-10-09T05:20:00.000Z', '#ボスリマインダー', 1);
INSERT OR REPLACE INTO missed_notifications (id, serverId, reminderMessage, missedAt, channelName, acknowledged) VALUES (NULL, '1374442895204945940', 'そろそろボスです！！', '2025-10-15T00:20:00.000Z', '#ボスリマインダー', 1);
INSERT OR REPLACE INTO missed_notifications (id, serverId, reminderMessage, missedAt, channelName, acknowledged) VALUES (NULL, '1379727445162201131', 'ボス時刻ですよ！', '2025-10-10T21:20:00.000Z', '#ボスリマインダー', 1);